condition,control,seed,config_hash,engine_version,measurement_version,world_contract_version,spatial_enabled,boundary_model,spatial_rng_stream,spatial_births,boundary_contacts,mean_parent_child_distance,max_parent_child_distance,mean_local_neighbors,mean_nearest_neighbor_distance,occupied_spatial_bins,spatial_occupancy_fraction,local_resources_enabled,organism_actions_enabled,local_resource_total,local_resource_minimum,local_resource_balance_error,resource_ledger,resource_sense_operations,movement_operations,movement_distance,movement_energy_cost,mutation_events,lineage_count,genotype_count,tick,active_population,births,deaths,max_population,active_genotypes,historical_genotypes,active_lineages,max_generation,instructions_executed,faults,blocked_divisions,waiting_for_memory,waiting_for_energy,energy_pool,memory_used,free_memory,energy_balance_error,distinct_genome_lengths,genome_length_maximum,genome_length_mean,genome_length_median,genome_length_minimum,genome_length_variance,genome_memory_used,instruction_deletion_operations,instruction_duplication_operations,replication_copy_operations,result_checksum,structural_duplication_probability,structural_event_rate,structural_length_delta_total,structural_mutation_committed_operations,structural_mutation_operations,structural_mutation_rejected_operations,structural_rng_seed,template_jump_operations,variable_length_active_population,variable_length_births,variable_length_reproducing_offspring
structural-rate-0.00,,1,db7bd6b77eccd60e,phase-five-vm-0.2,phase-five-measurement-0.2,phase-five-evolvability-0.1,,,,,,,,,,,,,,,,,,,,,,,,,1000,45,42,3,45,2,5,2,3,5062,3,45,45,0,0.0,990,10,3e-09,1,14,14.0,14,14,0,630,0,0,1221,8fcb157efc28ba7f92ec3f3ab6e8eaf5b3bad0b6e57a83e32c17a6bbbf73fac1,0.5,0.0,0,0,0,0,9376666683055484113,1219,0,0,0
structural-rate-0.00,,2,b65bd2ae2ccb58a0,phase-five-vm-0.2,phase-five-measurement-0.2,phase-five-evolvability-0.1,,,,,,,,,,,,,,,,,,,,,,,,,1000,45,50,11,45,3,14,3,4,9758,10,44,44,0,0.0,990,10,3.2e-09,1,14,14.0,14,14,0,630,0,0,1377,31cafaf61a6af912328c56714ddecf9dac2560be5f693d2c3ad5463fee881389,0.5,0.0,0,0,0,0,4778355428363295131,2040,0,0,0
structural-rate-0.00,,3,16770c3ccdf8fe6b,phase-five-vm-0.2,phase-five-measurement-0.2,phase-five-evolvability-0.1,,,,,,,,,,,,,,,,,,,,,,,,,1000,45,43,4,45,4,8,4,4,5220,4,44,44,0,0.0,990,10,3e-09,1,14,14.0,14,14,0,630,0,0,1248,0c8d1f60de2ca327d3d0caae6962ce7a9d5473ec403b3363021c75a2f9450d8e,0.5,0.0,0,0,0,0,656817422537117293,1245,0,0,0
structural-rate-0.00,,4,142dd85eb9ee9c10,phase-five-vm-0.2,phase-five-measurement-0.2,phase-five-evolvability-0.1,,,,,,,,,,,,,,,,,,,,,,,,,1000,45,43,4,45,4,8,4,3,8009,3,45,45,0,0.0,990,10,3e-09,1,14,14.0,14,14,0,630,0,0,1248,b78672dc3dde09a58eb5ae8e5e4b89f6b05c01bbe16c8b05fc775fef55bbcc14,0.5,0.0,0,0,0,0,6627692789405742643,1708,0,0,0
structural-rate-0.00,,5,9c3ec64b5a8062d2,phase-five-vm-0.2,phase-five-measurement-0.2,phase-five-evolvability-0.1,,,,,,,,,,,,,,,,,,,,,,,,,1000,45,47,8,45,1,9,1,3,12263,6,45,45,0,0.0,990,10,3.1e-09,1,14,14.0,14,14,0,630,0,0,1335,ecf7a3c618046e9bb04dab79c9a96497bc796c76a0214d95483fbbc67674cfa4,0.5,0.0,0,0,0,0,15305884129389079899,4500,0,0,0
structural-rate-0.00,,6,20c0ebd4f63ec2d2,phase-five-vm-0.2,phase-five-measurement-0.2,phase-five-evolvability-0.1,,,,,,,,,,,,,,,,,,,,,,,,,1000,45,47,8,45,3,11,3,3,7443,7,44,44,0,0.0,990,10,3.2e-09,1,14,14.0,14,14,0,630,0,0,1347,a13dda8efe06173a0d78a73a905b93590dc7420916aaecd55174a74dd9cdd219,0.5,0.0,0,0,0,0,5049781151756025018,1323,0,0,0
structural-rate-0.00,,7,557c076b602c0dc6,phase-five-vm-0.2,phase-five-measurement-0.2,phase-five-evolvability-0.1,,,,,,,,,,,,,,,,,,,,,,,,,1000,45,43,4,45,1,5,1,3,7735,2,45,45,0,0.0,990,10,3e-09,1,14,14.0,14,14,0,630,0,0,1275,e6939834ab06f309de8882b3dcbe39ae8167a07c90142728424b2ff174d39fa6,0.5,0.0,0,0,0,0,8721935391758617286,1673,0,0,0
structural-rate-0.00,,8,2747c3c816e73382,phase-five-vm-0.2,phase-five-measurement-0.2,phase-five-evolvability-0.1,,,,,,,,,,,,,,,,,,,,,,,,,1000,45,42,3,45,1,4,1,3,7592,2,45,45,0,0.0,990,10,3e-09,1,14,14.0,14,14,0,630,0,0,1234,def0be142feadc854546b6b652f44c9b21b990e625ab3704e3d83615e1baa9f4,0.5,0.0,0,0,0,0,5266136315994256061,1218,0,0,0
structural-rate-0.01,,1,ee86129e69bc727d,phase-five-vm-0.2,phase-five-measurement-0.2,phase-five-evolvability-0.1,,,,,,,,,,,,,,,,,,,,,,,,,1000,45,42,3,45,2,5,2,3,5062,3,45,45,0,0.0,990,10,3e-09,1,14,14.0,14,14,0,630,1,1,1221,954e1449abc78d9c5690b4fea589c07c8e546b539e61e624d579757a8277caae,0.5,0.01,0,2,2,0,9376666683055484113,1219,0,1,0
structural-rate-0.01,,2,2773fd235b62aa2d,phase-five-vm-0.2,phase-five-measurement-0.2,phase-five-evolvability-0.1,,,,,,,,,,,,,,,,,,,,,,,,,1000,45,50,11,45,3,14,3,4,9758,10,44,44,0,0.0,990,10,3.2e-09,1,14,14.0,14,14,0,630,1,1,1377,436f6470510a1f4c2e244b446a9ee817cda45739f4a6b9be0968a6a89a436a81,0.5,0.01,0,2,2,0,4778355428363295131,2040,0,1,0
structural-rate-0.01,,3,25a5e1b33f875933,phase-five-vm-0.2,phase-five-measurement-0.2,phase-five-evolvability-0.1,,,,,,,,,,,,,,,,,,,,,,,,,1000,45,43,4,45,4,8,4,4,5220,4,44,44,0,0.0,990,10,3e-09,1,14,14.0,14,14,0,630,0,1,1248,9314a4d8c6562eec20d9f4185d976328c1aec0fde11ce91fbf3ca1080797e6a4,0.5,0.01,1,1,1,0,656817422537117293,1245,0,0,0
structural-rate-0.01,,4,89f020a6a37cb641,phase-five-vm-0.2,phase-five-measurement-0.2,phase-five-evolvability-0.1,,,,,,,,,,,,,,,,,,,,,,,,,1000,45,43,4,45,4,8,4,3,8009,3,45,45,0,0.0,990,10,3e-09,1,14,14.0,14,14,0,630,0,1,1248,0d5e2d9c85ae665f2b7f72f36ecd21397c80203036343429c9e4ef341b95533c,0.5,0.01,1,1,1,0,6627692789405742643,1708,0,0,0
structural-rate-0.01,,5,c37500d33f9f2128,phase-five-vm-0.2,phase-five-measurement-0.2,phase-five-evolvability-0.1,,,,,,,,,,,,,,,,,,,,,,,,,1000,45,47,8,45,1,9,1,3,12263,6,45,45,0,0.0,990,10,3.1e-09,1,14,14.0,14,14,0,630,0,0,1335,ca62d28e58fc1c47f45ea03ee4e2d5f6f5d3341d2ce3b7cc4b32ba6688331dd9,0.5,0.01,0,0,0,0,15305884129389079899,4500,0,0,0
structural-rate-0.01,,6,1d1e02ed09347a6b,phase-five-vm-0.2,phase-five-measurement-0.2,phase-five-evolvability-0.1,,,,,,,,,,,,,,,,,,,,,,,,,1000,45,49,10,45,3,13,3,4,5712,10,45,45,0,0.0,990,10,3.2e-09,1,14,14.0,14,14,0,630,2,1,1378,fd4d4006070a746889682fefe833bc52b1aba88b093ecabe6ad903cdb70fcc50,0.5,0.01,-1,3,3,0,5049781151756025018,1364,0,3,0
structural-rate-0.01,,7,bf8f16333abc8c10,phase-five-vm-0.2,phase-five-measurement-0.2,phase-five-evolvability-0.1,,,,,,,,,,,,,,,,,,,,,,,,,1000,45,43,4,45,1,5,1,4,7347,3,45,45,0,0.0,990,10,3e-09,1,14,14.0,14,14,0,630,1,0,1262,744d5eeec9728352fedd923d5ecc3ccb292886f7a2c32e11c0781bfe2e9ffbd6,0.5,0.01,-1,1,1,0,8721935391758617286,1608,0,1,0
structural-rate-0.01,,8,ca0da3697597c937,phase-five-vm-0.2,phase-five-measurement-0.2,phase-five-evolvability-0.1,,,,,,,,,,,,,,,,,,,,,,,,,1000,45,42,3,45,1,4,1,3,7592,2,45,45,0,0.0,990,10,3e-09,1,14,14.0,14,14,0,630,0,0,1234,d782c035e45a4583ae1196aa51ace94ba7d5ffbadccc8f1375d3ff2c18149094,0.5,0.01,0,0,0,0,5266136315994256061,1218,0,0,0
structural-rate-0.05,,1,17302e324f3c1860,phase-five-vm-0.2,phase-five-measurement-0.2,phase-five-evolvability-0.1,,,,,,,,,,,,,,,,,,,,,,,,,1000,45,49,10,45,2,11,2,3,8061,9,45,45,0,0.0,990,10,3.1e-09,1,14,14.0,14,14,0,630,3,4,1351,bbfcb3ec99801e13aa4fcb62750c5cfc2c17dea5b9172ac41484230ff3e4d341,0.5,0.05,1,7,7,0,9376666683055484113,1829,0,5,0
structural-rate-0.05,,2,dec8bceecdcd5361,phase-five-vm-0.2,phase-five-measurement-0.2,phase-five-evolvability-0.1,,,,,,,,,,,,,,,,,,,,,,,,,1000,45,49,10,45,4,14,4,4,9679,9,44,44,0,0.0,989,11,3.2e-09,2,14,13.977777777777778,14,13,0.021728395061728394,629,3,1,1362,f5eeae29bf2d16c0d925da208c43d8849a30d7686e462e624691a27ac2e9c8f6,0.5,0.05,-2,4,4,0,4778355428363295131,2021,1,2,0
structural-rate-0.05,,3,b7634630d72e99c4,phase-five-vm-0.2,phase-five-measurement-0.2,phase-five-evolvability-0.1,,,,,,,,,,,,,,,,,,,,,,,,,1000,45,45,6,45,4,10,4,3,7763,5,44,44,0,0.0,990,10,3.1e-09,1,14,14.0,14,14,0,630,2,3,1291,a5a726da9687d3acf386da28d4d0c2a6e4aac935d1855d8d89f843145037588f,0.5,0.05,1,5,5,0,656817422537117293,1757,0,3,0
structural-rate-0.05,,4,80eba7c472808476,phase-five-vm-0.2,phase-five-measurement-0.2,phase-five-evolvability-0.1,,,,,,,,,,,,,,,,,,,,,,,,,1000,45,46,7,45,2,9,3,3,8462,5,45,45,0,0.0,987,13,3e-09,2,14,13.933333333333334,14,13,0.06222222222222222,627,3,1,1314,9a1847c54a8c3e5f63dd0ec8313c20b36c3db7fa77b8b937bb8dd692111d99f1,0.5,0.05,-2,4,4,0,6627692789405742643,1798,3,4,2
structural-rate-0.05,,5,145ffe573ecc57f8,phase-five-vm-0.2,phase-five-measurement-0.2,phase-five-evolvability-0.1,,,,,,,,,,,,,,,,,,,,,,,,,1000,45,47,8,45,1,9,1,3,12263,6,45,45,0,0.0,990,10,3.1e-09,1,14,14.0,14,14,0,630,2,1,1335,ec4798d89b1478bcf13ef09c1c53d901bcf4d0f98ffbd5d75df5178b353392c6,0.5,0.05,-1,3,3,0,15305884129389079899,4500,0,0,0
structural-rate-0.05,,6,3ad86d16df4eab0e,phase-five-vm-0.2,phase-five-measurement-0.2,phase-five-evolvability-0.1,,,,,,,,,,,,,,,,,,,,,,,,,1000,45,50,11,45,5,16,5,4,5716,11,43,43,0,0.0,991,9,3.2e-09,2,15,14.022222222222222,14,14,0.021728395061728394,631,2,4,1380,98e1dd5c909d721bcd8ff98eda3cc14a313240165a9349aab927023680a0463d,0.5,0.05,2,6,6,0,5049781151756025018,1365,1,6,1
structural-rate-0.05,,7,1dd4ea1083f352a4,phase-five-vm-0.2,phase-five-measurement-0.2,phase-five-evolvability-0.1,,,,,,,,,,,,,,,,,,,,,,,,,1000,45,44,5,45,2,7,1,4,7434,4,45,45,0,0.0,991,9,3e-09,2,15,14.022222222222222,14,14,0.021728395061728394,631,5,4,1279,a417b8845829a3439ab5f9f9178491d49488283c2c241520129999851fa5082b,0.5,0.05,-1,9,9,0,8721935391758617286,1621,1,3,1
structural-rate-0.05,,8,cb5e76030ab3700e,phase-five-vm-0.2,phase-five-measurement-0.2,phase-five-evolvability-0.1,,,,,,,,,,,,,,,,,,,,,,,,,1000,45,44,5,45,6,11,5,4,7899,4,45,45,0,0.0,985,15,3e-09,3,15,13.88888888888889,14,13,0.18765432098765433,625,6,4,1267,b44869886541fdde82309943bb368c7961267e80d2a9423d93b7961105aa30fe,0.5,0.05,-2,10,10,0,5266136315994256061,1251,9,11,6
structural-rate-0.10,,1,2fa6b4be03df2736,phase-five-vm-0.2,phase-five-measurement-0.2,phase-five-evolvability-0.1,,,,,,,,,,,,,,,,,,,,,,,,,1000,45,47,8,45,2,9,2,3,8021,7,45,45,0,0.0,990,10,3.2e-09,1,14,14.0,14,14,0,630,4,3,1295,551380d45eb89218ba03d9f860c3a0e0561e440109cfc509be16b2fa5d9c6c3b,0.5,0.1,-1,7,7,0,9376666683055484113,1292,0,4,0
structural-rate-0.10,,2,c6ccd7e7eddf2eba,phase-five-vm-0.2,phase-five-measurement-0.2,phase-five-evolvability-0.1,,,,,,,,,,,,,,,,,,,,,,,,,1000,45,49,10,45,4,14,4,4,9679,9,44,44,0,0.0,989,11,3.2e-09,2,14,13.977777777777778,14,13,0.021728395061728394,629,5,3,1362,99d530ffcb2660f86171964819180d703c858ee3da56570f314e8ea23ef61e48,0.5,0.1,-2,8,8,0,4778355428363295131,2021,1,2,0
structural-rate-0.10,,3,63b4317c04482acb,phase-five-vm-0.2,phase-five-measurement-0.2,phase-five-evolvability-0.1,,,,,,,,,,,,,,,,,,,,,,,,,1000,45,46,7,45,2,8,2,3,7699,6,44,44,0,0.0,990,10,3.2e-09,1,14,14.0,14,14,0,630,4,3,1279,71c870d65edae622c1472c859d46ad4c4a64f650d1f9afcab65f0860e783725a,0.5,0.1,-1,7,7,0,656817422537117293,1752,0,4,0
structural-rate-0.10,,4,dfeef6523f8824e9,phase-five-vm-0.2,phase-five-measurement-0.2,phase-five-evolvability-0.1,,,,,,,,,,,,,,,,,,,,,,,,,1000,45,46,7,45,3,10,4,3,8277,6,45,45,0,0.0,988,12,3e-09,3,15,13.955555555555556,14,13,0.08691358024691358,628,4,2,1314,9cce48868e346400a7b2a43734a6593233ac3a4e286464f283c22b4124b9ee13,0.5,0.1,-2,6,6,0,6627692789405742643,1769,4,6,2
structural-rate-0.10,,5,4f91585e93fafa0c,phase-five-vm-0.2,phase-five-measurement-0.2,phase-five-evolvability-0.1,,,,,,,,,,,,,,,,,,,,,,,,,1000,45,46,7,45,5,12,5,4,8842,6,45,45,0,0.0,992,8,3.2e-09,3,15,14.044444444444444,14,13,0.08691358024691358,632,4,5,1296,54ff844cf4da9485986ca9bfca831b4e019ed8833d1d75de872ebc277ac08c19,0.5,0.1,1,9,9,0,15305884129389079899,1283,4,8,1
structural-rate-0.10,,6,098788bbd08491f7,phase-five-vm-0.2,phase-five-measurement-0.2,phase-five-evolvability-0.1,,,,,,,,,,,,,,,,,,,,,,,,,1000,45,51,12,45,4,16,4,4,5790,12,43,43,0,0.0,990,10,3.2e-09,1,14,14.0,14,14,0,630,4,5,1394,800fe1fcbe8e07623f1a083816eca18dccf6764b8a68807f1402e9caa25085e7,0.5,0.1,1,9,9,0,5049781151756025018,1378,0,6,0
structural-rate-0.10,,7,e7da733eedc3c002,phase-five-vm-0.2,phase-five-measurement-0.2,phase-five-evolvability-0.1,,,,,,,,,,,,,,,,,,,,,,,,,1000,45,44,5,45,2,7,1,4,7434,4,45,45,0,0.0,991,9,3e-09,2,15,14.022222222222222,14,14,0.021728395061728394,631,4,8,1279,72a6b66366b80deb26d6bd2bf49e8ffb5f07b57fe5ac1cbfd721fe7289299190,0.5,0.1,4,12,12,0,8721935391758617286,1621,1,3,1
structural-rate-0.10,,8,38e802bdcc255740,phase-five-vm-0.2,phase-five-measurement-0.2,phase-five-evolvability-0.1,,,,,,,,,,,,,,,,,,,,,,,,,1000,45,48,9,45,5,14,5,3,5507,9,45,45,0,0.0,985,15,3.1e-09,2,14,13.88888888888889,14,13,0.09876543209876543,625,13,3,1326,bd5d288c76b7524eec96779d44726ba366a45c7febca838206a73bb0a49cb684,0.5,0.1,-10,16,16,0,5266136315994256061,1322,5,10,3
structural-rate-0.20,,1,966266290aea5865,phase-five-vm-0.2,phase-five-measurement-0.2,phase-five-evolvability-0.1,,,,,,,,,,,,,,,,,,,,,,,,,1000,45,43,4,45,9,13,9,3,5068,4,44,44,0,0.0,998,2,3.1e-09,4,16,14.177777777777777,14,13,0.32395061728395064,638,11,11,1248,1682503dbfb2600eb11565e3dd5869282c75fb7369b628f7ed09180ea278238f,0.5,0.2,0,22,22,0,9376666683055484113,1190,7,9,2
structural-rate-0.20,,2,e339a3c7449c86eb,phase-five-vm-0.2,phase-five-measurement-0.2,phase-five-evolvability-0.1,,,,,,,,,,,,,,,,,,,,,,,,,1000,45,51,12,45,9,21,8,4,15440,9,44,44,0,0.0,986,14,3.3e-09,2,14,13.911111111111111,14,13,0.08098765432098766,626,8,5,1411,1ec03357dc40c659a50235645cd60d5d91b4bf573eda435ea9e1ad0390c8ff39,0.5,0.2,-3,13,13,0,4778355428363295131,3221,4,10,2
structural-rate-0.20,,3,681b225a76c6e16f,phase-five-vm-0.2,phase-five-measurement-0.2,phase-five-evolvability-0.1,,,,,,,,,,,,,,,,,,,,,,,,,1000,45,49,10,45,3,13,3,3,7694,9,44,44,0,0.0,989,11,3.2e-09,2,14,13.977777777777778,14,13,0.021728395061728394,629,7,2,1336,e82dc62004c9c0f9ab3c3286b8d8f7a5e60212c91e67d43a4c21b24743beff68,0.5,0.2,-5,9,9,0,656817422537117293,1758,1,6,0
structural-rate-0.20,,4,a77894a1bdd9a711,phase-five-vm-0.2,phase-five-measurement-0.2,phase-five-evolvability-0.1,,,,,,,,,,,,,,,,,,,,,,,,,1000,45,50,11,45,5,16,6,4,10742,9,45,45,0,0.0,988,12,3.1e-09,3,15,13.955555555555556,14,13,0.13135802469135802,628,11,10,1397,1b0dfb4d28898d687380b2e173d08a6a71399b61e99c5c08d1f33c621dd90398,0.5,0.2,-1,21,21,0,6627692789405742643,2267,6,13,3
structural-rate-0.20,,5,92a271ba1fbae3c0,phase-five-vm-0.2,phase-five-measurement-0.2,phase-five-evolvability-0.1,,,,,,,,,,,,,,,,,,,,,,,,,1000,45,48,9,45,6,15,7,3,9081,8,45,45,0,0.0,998,2,3.2e-09,3,15,14.177777777777777,14,13,0.23506172839506173,638,7,8,1324,98d206505643b9752d7fcfac79cc42673b2edbc90458d80637db42e5cd8a46a8,0.5,0.2,1,15,15,0,15305884129389079899,1318,12,16,6
structural-rate-0.20,,6,f4060ecb64ac46c3,phase-five-vm-0.2,phase-five-measurement-0.2,phase-five-evolvability-0.1,,,,,,,,,,,,,,,,,,,,,,,,,1000,45,54,15,45,9,23,10,4,6127,15,44,44,0,0.0,994,6,3.3e-09,3,15,14.088888888888889,14,13,0.21432098765432098,634,16,7,1451,5bebc33ed6c85eda97d7a33cf2e2e40a0d86e04e433a7d763cf312d8e499f113,0.5,0.2,-9,23,23,0,5049781151756025018,1440,10,18,6
structural-rate-0.20,,7,c89c65b014f6346a,phase-five-vm-0.2,phase-five-measurement-0.2,phase-five-evolvability-0.1,,,,,,,,,,,,,,,,,,,,,,,,,1000,45,48,9,45,4,13,3,3,7836,8,45,45,0,0.0,991,9,3e-09,3,15,14.022222222222222,14,13,0.06617283950617284,631,10,13,1351,27237f842f74b2c17d853cdddc4b842ccd02f50acc5c9408249ec6313d1e7a97,0.5,0.2,3,23,23,0,8721935391758617286,1706,3,10,2
structural-rate-0.20,,8,689a43e062495399,phase-five-vm-0.2,phase-five-measurement-0.2,phase-five-evolvability-0.1,,,,,,,,,,,,,,,,,,,,,,,,,1000,45,57,18,45,5,22,5,4,10538,16,45,45,0,0.0,986,14,3.1e-09,3,15,13.911111111111111,14,13,0.1254320987654321,626,18,8,1506,680594d4f75ec6d888236a95c6e8042f51e28e282ffee680477e2fa2c19d5fef,0.5,0.2,-10,26,26,0,5266136315994256061,2469,6,22,5
