condition,control,seed,config_hash,engine_version,measurement_version,world_contract_version,spatial_enabled,boundary_model,spatial_rng_stream,spatial_births,boundary_contacts,mean_parent_child_distance,max_parent_child_distance,mean_local_neighbors,mean_nearest_neighbor_distance,occupied_spatial_bins,spatial_occupancy_fraction,local_resources_enabled,organism_actions_enabled,local_resource_total,local_resource_minimum,local_resource_balance_error,resource_ledger,resource_sense_operations,movement_operations,movement_distance,movement_energy_cost,mutation_events,lineage_count,genotype_count,tick,active_population,births,deaths,max_population,active_genotypes,historical_genotypes,active_lineages,max_generation,instructions_executed,faults,blocked_divisions,waiting_for_memory,waiting_for_energy,energy_pool,memory_used,free_memory,energy_balance_error
homogeneous_control,,1,18dd7434909e09e4,phase-two-vm-0.7,phase-two-measurement-0.1,phase-two-spatial-0.7,False,,,,,,,,,,,,,,,,,,,,,,,,2000,31,22,3,31,1,4,1,2,2313,3,31,31,0,0.0,496,4,-1.02e-08
homogeneous_control,,2,2e9965454f53d057,phase-two-vm-0.7,phase-two-measurement-0.1,phase-two-spatial-0.7,False,,,,,,,,,,,,,,,,,,,,,,,,2000,31,21,2,31,2,4,1,2,2232,2,31,31,0,0.0,496,4,-1.02e-08
homogeneous_control,,3,595951f9e44f0fdd,phase-two-vm-0.7,phase-two-measurement-0.1,phase-two-spatial-0.7,False,,,,,,,,,,,,,,,,,,,,,,,,2000,31,20,1,31,1,2,1,2,3462,0,31,31,0,0.0,496,4,-1.02e-08
homogeneous_control,,4,cf5085e46e02c451,phase-two-vm-0.7,phase-two-measurement-0.1,phase-two-spatial-0.7,False,,,,,,,,,,,,,,,,,,,,,,,,2000,31,19,0,31,1,1,1,2,2100,0,31,31,0,0.0,496,4,-1.02e-08
homogeneous_control,,5,d66b228ca73bce6c,phase-two-vm-0.7,phase-two-measurement-0.1,phase-two-spatial-0.7,False,,,,,,,,,,,,,,,,,,,,,,,,2000,31,19,0,31,1,1,1,2,2100,0,31,31,0,0.0,496,4,-1.02e-08
homogeneous_control,,6,8abb3c740dcadf88,phase-two-vm-0.7,phase-two-measurement-0.1,phase-two-spatial-0.7,False,,,,,,,,,,,,,,,,,,,,,,,,2000,31,20,1,31,1,2,1,2,2149,1,31,31,0,0.0,496,4,-1.02e-08
homogeneous_control,,7,2531ecf3c409d217,phase-two-vm-0.7,phase-two-measurement-0.1,phase-two-spatial-0.7,False,,,,,,,,,,,,,,,,,,,,,,,,2000,31,20,1,31,1,2,1,2,2149,1,31,31,0,0.0,496,4,-1.02e-08
homogeneous_control,,8,a623805d11a79769,phase-two-vm-0.7,phase-two-measurement-0.1,phase-two-spatial-0.7,False,,,,,,,,,,,,,,,,,,,,,,,,2000,31,20,1,31,3,4,2,2,3157,0,30,30,0,0.0,496,4,-1.02e-08
homogeneous_control,,9,b4e094bbb852da8d,phase-two-vm-0.7,phase-two-measurement-0.1,phase-two-spatial-0.7,False,,,,,,,,,,,,,,,,,,,,,,,,2000,31,21,2,31,1,3,1,2,3109,1,31,31,0,0.0,496,4,-1.02e-08
homogeneous_control,,10,db5af842c7debf58,phase-two-vm-0.7,phase-two-measurement-0.1,phase-two-spatial-0.7,False,,,,,,,,,,,,,,,,,,,,,,,,2000,31,20,1,31,1,2,1,2,2142,1,31,31,0,0.0,496,4,-1.02e-08
homogeneous_control,,11,8fa959bdfa36bf36,phase-two-vm-0.7,phase-two-measurement-0.1,phase-two-spatial-0.7,False,,,,,,,,,,,,,,,,,,,,,,,,2000,31,19,0,31,1,1,1,2,2100,0,31,31,0,0.0,496,4,-1.02e-08
homogeneous_control,,12,6b2181767cc4d8ac,phase-two-vm-0.7,phase-two-measurement-0.1,phase-two-spatial-0.7,False,,,,,,,,,,,,,,,,,,,,,,,,2000,31,20,1,31,2,3,1,2,2183,1,31,31,0,0.0,496,4,-1.02e-08
homogeneous_control,,13,02059a5511e67350,phase-two-vm-0.7,phase-two-measurement-0.1,phase-two-spatial-0.7,False,,,,,,,,,,,,,,,,,,,,,,,,2000,31,23,4,31,1,5,1,2,2343,4,31,31,0,0.0,496,4,-1.02e-08
homogeneous_control,,14,d962f99c92fd53d0,phase-two-vm-0.7,phase-two-measurement-0.1,phase-two-spatial-0.7,False,,,,,,,,,,,,,,,,,,,,,,,,2000,31,21,2,31,1,3,1,2,2226,2,31,31,0,0.0,496,4,-1.02e-08
homogeneous_control,,15,47fd2ca6e6180adf,phase-two-vm-0.7,phase-two-measurement-0.1,phase-two-spatial-0.7,False,,,,,,,,,,,,,,,,,,,,,,,,2000,31,22,3,31,1,4,1,2,2276,3,31,31,0,0.0,496,4,-1.02e-08
homogeneous_control,,16,fd64929bee769eb0,phase-two-vm-0.7,phase-two-measurement-0.1,phase-two-spatial-0.7,False,,,,,,,,,,,,,,,,,,,,,,,,2000,31,19,0,31,1,1,1,2,2100,0,31,31,0,0.0,496,4,-1.02e-08
homogeneous_control,,17,f56c944e98eab1b7,phase-two-vm-0.7,phase-two-measurement-0.1,phase-two-spatial-0.7,False,,,,,,,,,,,,,,,,,,,,,,,,2000,31,20,1,31,1,2,1,2,3614,0,31,31,0,0.0,496,4,-1.02e-08
homogeneous_control,,18,b4f4e82675b75d79,phase-two-vm-0.7,phase-two-measurement-0.1,phase-two-spatial-0.7,False,,,,,,,,,,,,,,,,,,,,,,,,2000,31,19,0,31,2,2,1,2,2100,0,30,30,0,0.0,496,4,-1.02e-08
homogeneous_control,,19,fed9bc145a3da6b1,phase-two-vm-0.7,phase-two-measurement-0.1,phase-two-spatial-0.7,False,,,,,,,,,,,,,,,,,,,,,,,,2000,31,21,2,31,1,3,1,2,2268,2,31,31,0,0.0,496,4,-1.02e-08
homogeneous_control,,20,278e984cdabfacd2,phase-two-vm-0.7,phase-two-measurement-0.1,phase-two-spatial-0.7,False,,,,,,,,,,,,,,,,,,,,,,,,2000,31,22,3,31,1,4,1,2,2280,3,31,31,0,0.0,496,4,-1.02e-08
homogeneous_control,,21,812971d3307ca9f6,phase-two-vm-0.7,phase-two-measurement-0.1,phase-two-spatial-0.7,False,,,,,,,,,,,,,,,,,,,,,,,,2000,31,20,1,31,1,2,1,2,2149,1,31,31,0,0.0,496,4,-1.02e-08
homogeneous_control,,22,0cb084d3cfe1e6d9,phase-two-vm-0.7,phase-two-measurement-0.1,phase-two-spatial-0.7,False,,,,,,,,,,,,,,,,,,,,,,,,2000,31,20,1,31,1,2,1,2,2148,1,31,31,0,0.0,496,4,-1.02e-08
homogeneous_control,,23,b68b3a92eaef874a,phase-two-vm-0.7,phase-two-measurement-0.1,phase-two-spatial-0.7,False,,,,,,,,,,,,,,,,,,,,,,,,2000,31,20,1,31,2,3,2,2,2183,1,31,31,0,0.0,496,4,-1.02e-08
homogeneous_control,,24,4fd849f1bb6e6cc6,phase-two-vm-0.7,phase-two-measurement-0.1,phase-two-spatial-0.7,False,,,,,,,,,,,,,,,,,,,,,,,,2000,31,21,2,31,1,3,1,2,2233,2,31,31,0,0.0,496,4,-1.02e-08
homogeneous_control,,25,3cfa628db3ff4213,phase-two-vm-0.7,phase-two-measurement-0.1,phase-two-spatial-0.7,False,,,,,,,,,,,,,,,,,,,,,,,,2000,31,20,1,31,1,2,1,2,2184,1,31,31,0,0.0,496,4,-1.02e-08
homogeneous_control,,26,b78c6bd1dcb8282f,phase-two-vm-0.7,phase-two-measurement-0.1,phase-two-spatial-0.7,False,,,,,,,,,,,,,,,,,,,,,,,,2000,31,20,1,31,2,3,2,2,3278,0,30,30,0,0.0,496,4,-1.02e-08
homogeneous_control,,27,49ead7aa8d73a562,phase-two-vm-0.7,phase-two-measurement-0.1,phase-two-spatial-0.7,False,,,,,,,,,,,,,,,,,,,,,,,,2000,31,20,1,31,1,2,1,2,2168,1,31,31,0,0.0,496,4,-1.02e-08
homogeneous_control,,28,fcb726289dbc2db5,phase-two-vm-0.7,phase-two-measurement-0.1,phase-two-spatial-0.7,False,,,,,,,,,,,,,,,,,,,,,,,,2000,31,20,1,31,1,2,1,2,2181,1,31,31,0,0.0,496,4,-1.02e-08
homogeneous_control,,29,007c16da6fe5d3bf,phase-two-vm-0.7,phase-two-measurement-0.1,phase-two-spatial-0.7,False,,,,,,,,,,,,,,,,,,,,,,,,2000,31,21,2,31,1,3,1,2,2196,2,31,31,0,0.0,496,4,-1.02e-08
homogeneous_control,,30,24984d8804332dbc,phase-two-vm-0.7,phase-two-measurement-0.1,phase-two-spatial-0.7,False,,,,,,,,,,,,,,,,,,,,,,,,2000,31,21,2,31,1,3,1,2,3385,1,31,31,0,0.0,496,4,-1.02e-08
spatial_only,,1,1482c427166fb5a9,phase-two-vm-0.7,phase-two-measurement-0.1,phase-two-spatial-0.7,True,reflective,,22,1,0.642415,,1.870968,2.378766,14,0.14,False,False,0.0,0.0,0.0,,0,0,0.0,0.0,,,,2000,31,22,3,31,1,4,1,2,2313,3,31,31,0,0.0,496,4,-1.02e-08
spatial_only,,2,e18f7fdb03ff52ac,phase-two-vm-0.7,phase-two-measurement-0.1,phase-two-spatial-0.7,True,reflective,,21,0,0.66133,,1.806452,0.595381,10,0.1,False,False,0.0,0.0,0.0,,0,0,0.0,0.0,,,,2000,31,21,2,31,2,4,1,2,2232,2,31,31,0,0.0,496,4,-1.02e-08
spatial_only,,3,14d554f5fbfd0811,phase-two-vm-0.7,phase-two-measurement-0.1,phase-two-spatial-0.7,True,reflective,,20,0,0.692252,,1.870968,0.974249,11,0.11,False,False,0.0,0.0,0.0,,0,0,0.0,0.0,,,,2000,31,20,1,31,1,2,1,2,3462,0,31,31,0,0.0,496,4,-1.02e-08
spatial_only,,4,6082cb259f0c88bb,phase-two-vm-0.7,phase-two-measurement-0.1,phase-two-spatial-0.7,True,reflective,,19,0,0.627145,,1.806452,0.579075,14,0.14,False,False,0.0,0.0,0.0,,0,0,0.0,0.0,,,,2000,31,19,0,31,1,1,1,2,2100,0,31,31,0,0.0,496,4,-1.02e-08
spatial_only,,5,ed04f3d2d8d94cff,phase-two-vm-0.7,phase-two-measurement-0.1,phase-two-spatial-0.7,True,reflective,,19,0,0.686481,,1.806452,0.646087,11,0.11,False,False,0.0,0.0,0.0,,0,0,0.0,0.0,,,,2000,31,19,0,31,1,1,1,2,2100,0,31,31,0,0.0,496,4,-1.02e-08
spatial_only,,6,a2c0b95ef2ab57fa,phase-two-vm-0.7,phase-two-measurement-0.1,phase-two-spatial-0.7,True,reflective,,20,2,0.77119,,1.806452,0.697515,14,0.14,False,False,0.0,0.0,0.0,,0,0,0.0,0.0,,,,2000,31,20,1,31,1,2,1,2,2149,1,31,31,0,0.0,496,4,-1.02e-08
spatial_only,,7,61a6e2912282214b,phase-two-vm-0.7,phase-two-measurement-0.1,phase-two-spatial-0.7,True,reflective,,20,0,0.6884,,1.677419,0.664079,13,0.13,False,False,0.0,0.0,0.0,,0,0,0.0,0.0,,,,2000,31,20,1,31,1,2,1,2,2149,1,31,31,0,0.0,496,4,-1.02e-08
spatial_only,,8,4cdbc8b18f8bb0b8,phase-two-vm-0.7,phase-two-measurement-0.1,phase-two-spatial-0.7,True,reflective,,20,1,0.722757,,2.322581,1.201303,10,0.1,False,False,0.0,0.0,0.0,,0,0,0.0,0.0,,,,2000,31,20,1,31,3,4,2,2,3157,0,30,30,0,0.0,496,4,-1.02e-08
spatial_only,,9,e22362652a5ea785,phase-two-vm-0.7,phase-two-measurement-0.1,phase-two-spatial-0.7,True,reflective,,21,0,0.679988,,1.806452,0.866824,12,0.12,False,False,0.0,0.0,0.0,,0,0,0.0,0.0,,,,2000,31,21,2,31,1,3,1,2,3109,1,31,31,0,0.0,496,4,-1.02e-08
spatial_only,,10,a90835f634a86b5a,phase-two-vm-0.7,phase-two-measurement-0.1,phase-two-spatial-0.7,True,reflective,,20,0,0.658195,,1.741935,0.552166,14,0.14,False,False,0.0,0.0,0.0,,0,0,0.0,0.0,,,,2000,31,20,1,31,1,2,1,2,2142,1,31,31,0,0.0,496,4,-1.02e-08
spatial_only,,11,82dbf7856b9346d3,phase-two-vm-0.7,phase-two-measurement-0.1,phase-two-spatial-0.7,True,reflective,,19,0,0.663523,,1.806452,0.621826,13,0.13,False,False,0.0,0.0,0.0,,0,0,0.0,0.0,,,,2000,31,19,0,31,1,1,1,2,2100,0,31,31,0,0.0,496,4,-1.02e-08
spatial_only,,12,9594561e85b294d8,phase-two-vm-0.7,phase-two-measurement-0.1,phase-two-spatial-0.7,True,reflective,,20,0,0.617863,,1.935484,0.847575,12,0.12,False,False,0.0,0.0,0.0,,0,0,0.0,0.0,,,,2000,31,20,1,31,2,3,1,2,2183,1,31,31,0,0.0,496,4,-1.02e-08
spatial_only,,13,004b8a531542a539,phase-two-vm-0.7,phase-two-measurement-0.1,phase-two-spatial-0.7,True,reflective,,23,0,0.718459,,1.870968,0.790486,12,0.12,False,False,0.0,0.0,0.0,,0,0,0.0,0.0,,,,2000,31,23,4,31,1,5,1,2,2343,4,31,31,0,0.0,496,4,-1.02e-08
spatial_only,,14,0cb9823250e45e26,phase-two-vm-0.7,phase-two-measurement-0.1,phase-two-spatial-0.7,True,reflective,,21,0,0.726991,,1.870968,1.173051,14,0.14,False,False,0.0,0.0,0.0,,0,0,0.0,0.0,,,,2000,31,21,2,31,1,3,1,2,2226,2,31,31,0,0.0,496,4,-1.02e-08
spatial_only,,15,f19311403eb8afe9,phase-two-vm-0.7,phase-two-measurement-0.1,phase-two-spatial-0.7,True,reflective,,22,1,0.605728,,2.0,0.731637,12,0.12,False,False,0.0,0.0,0.0,,0,0,0.0,0.0,,,,2000,31,22,3,31,1,4,1,2,2276,3,31,31,0,0.0,496,4,-1.02e-08
spatial_only,,16,562aad8e610b10b9,phase-two-vm-0.7,phase-two-measurement-0.1,phase-two-spatial-0.7,True,reflective,,19,0,0.699314,,1.677419,0.643217,13,0.13,False,False,0.0,0.0,0.0,,0,0,0.0,0.0,,,,2000,31,19,0,31,1,1,1,2,2100,0,31,31,0,0.0,496,4,-1.02e-08
spatial_only,,17,b46f10a52e8fc569,phase-two-vm-0.7,phase-two-measurement-0.1,phase-two-spatial-0.7,True,reflective,,20,0,0.694351,,1.741935,0.608744,13,0.13,False,False,0.0,0.0,0.0,,0,0,0.0,0.0,,,,2000,31,20,1,31,1,2,1,2,3614,0,31,31,0,0.0,496,4,-1.02e-08
spatial_only,,18,40f21f77e1da7301,phase-two-vm-0.7,phase-two-measurement-0.1,phase-two-spatial-0.7,True,reflective,,19,0,0.717823,,1.741935,0.642603,11,0.11,False,False,0.0,0.0,0.0,,0,0,0.0,0.0,,,,2000,31,19,0,31,2,2,1,2,2100,0,30,30,0,0.0,496,4,-1.02e-08
spatial_only,,19,4ed5e9071af6f363,phase-two-vm-0.7,phase-two-measurement-0.1,phase-two-spatial-0.7,True,reflective,,21,0,0.70412,,1.741935,0.692647,14,0.14,False,False,0.0,0.0,0.0,,0,0,0.0,0.0,,,,2000,31,21,2,31,1,3,1,2,2268,2,31,31,0,0.0,496,4,-1.02e-08
spatial_only,,20,f8ccf7a82e788e11,phase-two-vm-0.7,phase-two-measurement-0.1,phase-two-spatial-0.7,True,reflective,,22,1,0.652709,,1.741935,1.063621,15,0.15,False,False,0.0,0.0,0.0,,0,0,0.0,0.0,,,,2000,31,22,3,31,1,4,1,2,2280,3,31,31,0,0.0,496,4,-1.02e-08
spatial_only,,21,fb6dae98134dd078,phase-two-vm-0.7,phase-two-measurement-0.1,phase-two-spatial-0.7,True,reflective,,20,1,0.533983,,1.741935,0.469536,12,0.12,False,False,0.0,0.0,0.0,,0,0,0.0,0.0,,,,2000,31,20,1,31,1,2,1,2,2149,1,31,31,0,0.0,496,4,-1.02e-08
spatial_only,,22,0602f84ba2d07549,phase-two-vm-0.7,phase-two-measurement-0.1,phase-two-spatial-0.7,True,reflective,,20,0,0.568607,,1.806452,0.821617,10,0.1,False,False,0.0,0.0,0.0,,0,0,0.0,0.0,,,,2000,31,20,1,31,1,2,1,2,2148,1,31,31,0,0.0,496,4,-1.02e-08
spatial_only,,23,4f2ab8dfc9b720d9,phase-two-vm-0.7,phase-two-measurement-0.1,phase-two-spatial-0.7,True,reflective,,20,0,0.708493,,1.870968,1.506737,12,0.12,False,False,0.0,0.0,0.0,,0,0,0.0,0.0,,,,2000,31,20,1,31,2,3,2,2,2183,1,31,31,0,0.0,496,4,-1.02e-08
spatial_only,,24,169daa43c4ab7d51,phase-two-vm-0.7,phase-two-measurement-0.1,phase-two-spatial-0.7,True,reflective,,21,1,0.647749,,2.258065,0.513453,11,0.11,False,False,0.0,0.0,0.0,,0,0,0.0,0.0,,,,2000,31,21,2,31,1,3,1,2,2233,2,31,31,0,0.0,496,4,-1.02e-08
spatial_only,,25,a84f6ba39ca6f524,phase-two-vm-0.7,phase-two-measurement-0.1,phase-two-spatial-0.7,True,reflective,,20,0,0.647449,,1.870968,0.543145,13,0.13,False,False,0.0,0.0,0.0,,0,0,0.0,0.0,,,,2000,31,20,1,31,1,2,1,2,2184,1,31,31,0,0.0,496,4,-1.02e-08
spatial_only,,26,91a071b2e1ba5d35,phase-two-vm-0.7,phase-two-measurement-0.1,phase-two-spatial-0.7,True,reflective,,20,0,0.596722,,1.935484,0.903697,16,0.16,False,False,0.0,0.0,0.0,,0,0,0.0,0.0,,,,2000,31,20,1,31,2,3,2,2,3278,0,30,30,0,0.0,496,4,-1.02e-08
spatial_only,,27,00422c8c82406ef5,phase-two-vm-0.7,phase-two-measurement-0.1,phase-two-spatial-0.7,True,reflective,,20,0,0.652288,,1.870968,1.01831,13,0.13,False,False,0.0,0.0,0.0,,0,0,0.0,0.0,,,,2000,31,20,1,31,1,2,1,2,2168,1,31,31,0,0.0,496,4,-1.02e-08
spatial_only,,28,0fa01e967a0766a3,phase-two-vm-0.7,phase-two-measurement-0.1,phase-two-spatial-0.7,True,reflective,,20,0,0.717481,,1.870968,0.744792,12,0.12,False,False,0.0,0.0,0.0,,0,0,0.0,0.0,,,,2000,31,20,1,31,1,2,1,2,2181,1,31,31,0,0.0,496,4,-1.02e-08
spatial_only,,29,8bc560ec13bbc974,phase-two-vm-0.7,phase-two-measurement-0.1,phase-two-spatial-0.7,True,reflective,,21,0,0.7764,,1.806452,0.94184,11,0.11,False,False,0.0,0.0,0.0,,0,0,0.0,0.0,,,,2000,31,21,2,31,1,3,1,2,2196,2,31,31,0,0.0,496,4,-1.02e-08
spatial_only,,30,e1875a79bcfbe18b,phase-two-vm-0.7,phase-two-measurement-0.1,phase-two-spatial-0.7,True,reflective,,21,0,0.718714,,1.741935,0.90266,14,0.14,False,False,0.0,0.0,0.0,,0,0,0.0,0.0,,,,2000,31,21,2,31,1,3,1,2,3385,1,31,31,0,0.0,496,4,-1.02e-08
local_resource,,1,f284b2fc891515fa,phase-two-vm-0.7,phase-two-measurement-0.1,phase-two-spatial-0.7,True,reflective,,15,0,0.624375,,0.0,0.0,0,0.0,True,False,20524.892857,236.142857,-2e-10,,0,0,0.0,0.0,,,,2000,0,15,27,25,0,4,0,0,1607,3,0,0,0,0.0,0,500,-1e-10
local_resource,,2,b1e328a157116f1f,phase-two-vm-0.7,phase-two-measurement-0.1,phase-two-spatial-0.7,True,reflective,,12,0,0.644547,,0.0,0.0,0,0.0,True,False,20726.571429,270.0,-1e-10,,0,0,0.0,0.0,,,,2000,0,12,24,24,0,2,0,0,1512,0,0,0,0,0.0,0,500,-1e-10
local_resource,,3,8a599a24ddf60412,phase-two-vm-0.7,phase-two-measurement-0.1,phase-two-spatial-0.7,True,reflective,,12,0,0.643361,,0.0,0.0,0,0.0,True,False,20687.0,264.285714,-1e-10,,0,0,0.0,0.0,,,,2000,0,12,24,24,0,2,0,0,1662,0,0,0,0,0.0,0,500,-1e-10
local_resource,,4,894045741a882a76,phase-two-vm-0.7,phase-two-measurement-0.1,phase-two-spatial-0.7,True,reflective,,13,0,0.643262,,0.0,0.0,0,0.0,True,False,20613.0,253.571429,-1e-10,,0,0,0.0,0.0,,,,2000,0,13,25,25,0,1,0,0,1554,0,0,0,0,0.0,0,500,-1e-10
local_resource,,5,31e20c1a15c540d2,phase-two-vm-0.7,phase-two-measurement-0.1,phase-two-spatial-0.7,True,reflective,,14,0,0.654231,,0.0,0.0,0,0.0,True,False,20572.428571,247.857143,-1e-10,,0,0,0.0,0.0,,,,2000,0,14,26,26,0,1,0,0,1596,0,0,0,0,0.0,0,500,-1e-10
local_resource,,6,31c3f3d57d824542,phase-two-vm-0.7,phase-two-measurement-0.1,phase-two-spatial-0.7,True,reflective,,13,1,0.833476,,0.0,0.0,0,0.0,True,False,20597.571429,247.857143,-1e-10,,0,0,0.0,0.0,,,,2000,0,13,25,25,0,1,0,0,1554,0,0,0,0,0.0,0,500,-1e-10
local_resource,,7,1a038b3f3d605adc,phase-two-vm-0.7,phase-two-measurement-0.1,phase-two-spatial-0.7,True,reflective,,12,0,0.678777,,0.0,0.0,0,0.0,True,False,20725.428571,269.714286,-1e-10,,0,0,0.0,0.0,,,,2000,0,12,24,24,0,2,0,0,1477,1,0,0,0,0.0,0,500,-1e-10
local_resource,,8,9eef12943e8e7299,phase-two-vm-0.7,phase-two-measurement-0.1,phase-two-spatial-0.7,True,reflective,,12,0,0.758067,,0.0,0.0,0,0.0,True,False,20740.857143,263.285714,-1e-10,,0,0,0.0,0.0,,,,2000,0,12,24,24,0,3,0,0,1662,0,0,0,0,0.0,0,500,-1e-10
local_resource,,9,ce13bc5f1252c76b,phase-two-vm-0.7,phase-two-measurement-0.1,phase-two-spatial-0.7,True,reflective,,13,0,0.615727,,0.0,0.0,0,0.0,True,False,20659.0,267.142857,-1e-10,,0,0,0.0,0.0,,,,2000,0,13,25,24,0,2,0,0,1533,1,0,0,0,0.0,0,500,-1e-10
local_resource,,10,de621f3cb66b8178,phase-two-vm-0.7,phase-two-measurement-0.1,phase-two-spatial-0.7,True,reflective,,12,0,0.658624,,0.0,0.0,0,0.0,True,False,20651.142857,269.0,-1e-10,,0,0,0.0,0.0,,,,2000,0,12,24,24,0,1,0,0,1512,0,0,0,0,0.0,0,500,-1e-10
local_resource,,11,00f301e457d22391,phase-two-vm-0.7,phase-two-measurement-0.1,phase-two-spatial-0.7,True,reflective,,12,0,0.74345,,0.0,0.0,0,0.0,True,False,20651.142857,269.714286,-1e-10,,0,0,0.0,0.0,,,,2000,0,12,24,24,0,1,0,0,1512,0,0,0,0,0.0,0,500,-1e-10
local_resource,,12,10f02651f41ee2c4,phase-two-vm-0.7,phase-two-measurement-0.1,phase-two-spatial-0.7,True,reflective,,12,0,0.696759,,0.0,0.0,0,0.0,True,False,20622.714286,236.0,-1e-10,,0,0,0.0,0.0,,,,2000,0,12,24,24,0,3,0,0,1511,1,0,0,0,0.0,0,500,-1e-10
local_resource,,13,d9fcd357ec8f8fd2,phase-two-vm-0.7,phase-two-measurement-0.1,phase-two-spatial-0.7,True,reflective,,14,0,0.676144,,0.0,0.0,0,0.0,True,False,20668.571429,236.142857,-2e-10,,0,0,0.0,0.0,,,,2000,0,14,26,24,0,5,0,0,1519,4,0,0,0,0.0,0,500,-1e-10
local_resource,,14,446ee14d6266c016,phase-two-vm-0.7,phase-two-measurement-0.1,phase-two-spatial-0.7,True,reflective,,14,0,0.743214,,0.0,0.0,0,0.0,True,False,20623.428571,236.142857,-1e-10,,0,0,0.0,0.0,,,,2000,0,14,26,24,0,3,0,0,1570,2,0,0,0,0.0,0,500,-1e-10
local_resource,,15,e6b10829ff49cd82,phase-two-vm-0.7,phase-two-measurement-0.1,phase-two-spatial-0.7,True,reflective,,15,1,0.581495,,0.0,0.0,0,0.0,True,False,20742.0,265.285714,-1e-10,,0,0,0.0,0.0,,,,2000,0,15,27,24,0,4,0,0,1586,3,0,0,0,0.0,0,500,-1e-10
local_resource,,16,9ff254b3cf62ce86,phase-two-vm-0.7,phase-two-measurement-0.1,phase-two-spatial-0.7,True,reflective,,12,0,0.793258,,0.0,0.0,0,0.0,True,False,20654.285714,269.0,-1e-10,,0,0,0.0,0.0,,,,2000,0,12,24,24,0,1,0,0,1512,0,0,0,0,0.0,0,500,-1e-10
local_resource,,17,60799b5a6362dd1b,phase-two-vm-0.7,phase-two-measurement-0.1,phase-two-spatial-0.7,True,reflective,,13,0,0.728461,,0.0,0.0,0,0.0,True,False,20587.142857,247.857143,-1e-10,,0,0,0.0,0.0,,,,2000,0,13,25,25,0,2,0,0,1704,0,0,0,0,0.0,0,500,-1e-10
local_resource,,18,e5cb8b94f6e59c38,phase-two-vm-0.7,phase-two-measurement-0.1,phase-two-spatial-0.7,True,reflective,,12,0,0.703667,,0.0,0.0,0,0.0,True,False,20729.0,270.0,-1e-10,,0,0,0.0,0.0,,,,2000,0,12,24,24,0,1,0,0,1512,0,0,0,0,0.0,0,500,-1e-10
local_resource,,19,4a50c7bdfbe8adf5,phase-two-vm-0.7,phase-two-measurement-0.1,phase-two-spatial-0.7,True,reflective,,14,0,0.679598,,0.0,0.0,0,0.0,True,False,20560.714286,236.142857,-1e-10,,0,0,0.0,0.0,,,,2000,0,14,26,25,0,2,0,0,1596,1,0,0,0,0.0,0,500,-1e-10
local_resource,,20,67afb6481b87c222,phase-two-vm-0.7,phase-two-measurement-0.1,phase-two-spatial-0.7,True,reflective,,14,0,0.654985,,0.0,0.0,0,0.0,True,False,20593.285714,236.142857,-1e-10,,0,0,0.0,0.0,,,,2000,0,14,26,24,0,3,0,0,1577,2,0,0,0,0.0,0,500,-1e-10
local_resource,,21,ec11cccadaf8601b,phase-two-vm-0.7,phase-two-measurement-0.1,phase-two-spatial-0.7,True,reflective,,12,1,0.50358,,0.0,0.0,0,0.0,True,False,20693.0,269.285714,-1e-10,,0,0,0.0,0.0,,,,2000,0,12,24,24,0,1,0,0,1512,0,0,0,0,0.0,0,500,-1e-10
local_resource,,22,5e16905aecebd57f,phase-two-vm-0.7,phase-two-measurement-0.1,phase-two-spatial-0.7,True,reflective,,14,0,0.491042,,0.0,0.0,0,0.0,True,False,20663.714286,247.857143,-1e-10,,0,0,0.0,0.0,,,,2000,0,14,26,25,0,3,0,0,1535,1,0,0,0,0.0,0,500,-1e-10
local_resource,,23,f4daa24158380171,phase-two-vm-0.7,phase-two-measurement-0.1,phase-two-spatial-0.7,True,reflective,,12,0,0.644036,,0.0,0.0,0,0.0,True,False,20622.428571,236.0,-1e-10,,0,0,0.0,0.0,,,,2000,0,12,24,24,0,3,0,0,1511,1,0,0,0,0.0,0,500,-1e-10
local_resource,,24,45314d2b834d57cf,phase-two-vm-0.7,phase-two-measurement-0.1,phase-two-spatial-0.7,True,reflective,,13,1,0.605149,,0.0,0.0,0,0.0,True,False,20701.285714,247.857143,-1e-10,,0,0,0.0,0.0,,,,2000,0,13,25,24,0,2,0,0,1554,1,0,0,0,0.0,0,500,-1e-10
local_resource,,25,8cbf120d36b9fa7c,phase-two-vm-0.7,phase-two-measurement-0.1,phase-two-spatial-0.7,True,reflective,,12,0,0.693048,,0.0,0.0,0,0.0,True,False,20697.285714,270.0,-1e-10,,0,0,0.0,0.0,,,,2000,0,12,24,24,0,1,0,0,1512,0,0,0,0,0.0,0,500,-1e-10
local_resource,,26,a526f9228ea9baf9,phase-two-vm-0.7,phase-two-measurement-0.1,phase-two-spatial-0.7,True,reflective,,12,0,0.642483,,0.0,0.0,0,0.0,True,False,20624.571429,247.857143,-1e-10,,0,0,0.0,0.0,,,,2000,0,12,24,24,0,3,0,0,1622,0,0,0,0,0.0,0,500,-1e-10
local_resource,,27,82b24c1e4d6f95c9,phase-two-vm-0.7,phase-two-measurement-0.1,phase-two-spatial-0.7,True,reflective,,12,0,0.65284,,0.0,0.0,0,0.0,True,False,20617.0,233.142857,-1e-10,,0,0,0.0,0.0,,,,2000,0,12,24,24,0,2,0,0,1496,1,0,0,0,0.0,0,500,-1e-10
local_resource,,28,bc9722d9149ea780,phase-two-vm-0.7,phase-two-measurement-0.1,phase-two-spatial-0.7,True,reflective,,12,0,0.693698,,0.0,0.0,0,0.0,True,False,20633.285714,247.857143,-1e-10,,0,0,0.0,0.0,,,,2000,0,12,24,24,0,2,0,0,1509,1,0,0,0,0.0,0,500,-1e-10
local_resource,,29,772fc1c32455b82e,phase-two-vm-0.7,phase-two-measurement-0.1,phase-two-spatial-0.7,True,reflective,,14,0,0.791377,,0.0,0.0,0,0.0,True,False,20689.571429,256.142857,-1e-10,,0,0,0.0,0.0,,,,2000,0,14,26,24,0,3,0,0,1540,2,0,0,0,0.0,0,500,-1e-10
local_resource,,30,88f84a5b2a7fffd3,phase-two-vm-0.7,phase-two-measurement-0.1,phase-two-spatial-0.7,True,reflective,,12,0,0.736696,,0.0,0.0,0,0.0,True,False,20609.857143,236.0,-1e-10,,0,0,0.0,0.0,,,,2000,0,12,24,24,0,3,0,0,1661,1,0,0,0,0.0,0,500,-1e-10
movement_enabled,,1,48b986590c73c4c6,phase-two-vm-0.7,phase-two-measurement-0.1,phase-two-spatial-0.7,True,reflective,,15,0,0.624375,,0.0,0.0,0,0.0,True,True,20524.8,236.142857,-2e-10,,0,8,0.0,0.0,,,,2000,0,15,27,25,0,4,0,0,1606,3,0,0,0,0.0,0,500,-1e-10
movement_enabled,,2,eb42dbd5620db88b,phase-two-vm-0.7,phase-two-measurement-0.1,phase-two-spatial-0.7,True,reflective,,12,0,0.644547,,0.0,0.0,0,0.0,True,True,20726.571429,270.0,-1e-10,,0,0,0.0,0.0,,,,2000,0,12,24,24,0,2,0,0,1512,0,0,0,0,0.0,0,500,-1e-10
movement_enabled,,3,0f265d5a99dffed2,phase-two-vm-0.7,phase-two-measurement-0.1,phase-two-spatial-0.7,True,reflective,,12,0,0.643361,,0.0,0.0,0,0.0,True,True,20657.714286,236.0,-1e-10,,0,8,0.0,0.0,,,,2000,0,12,24,24,0,2,0,0,1511,1,0,0,0,0.0,0,500,-1e-10
movement_enabled,,4,1e230d218860ebdd,phase-two-vm-0.7,phase-two-measurement-0.1,phase-two-spatial-0.7,True,reflective,,13,0,0.643262,,0.0,0.0,0,0.0,True,True,20615.571429,253.571429,-1e-10,,0,0,0.0,0.0,,,,2000,0,13,25,25,0,1,0,0,1554,0,0,0,0,0.0,0,500,-1e-10
movement_enabled,,5,e098fbe7993ab2ac,phase-two-vm-0.7,phase-two-measurement-0.1,phase-two-spatial-0.7,True,reflective,,14,0,0.654231,,0.0,0.0,0,0.0,True,True,20572.428571,247.857143,-1e-10,,0,0,0.0,0.0,,,,2000,0,14,26,26,0,1,0,0,1596,0,0,0,0,0.0,0,500,-1e-10
movement_enabled,,6,dcb787b1cd9c1b31,phase-two-vm-0.7,phase-two-measurement-0.1,phase-two-spatial-0.7,True,reflective,,13,1,0.833476,,0.0,0.0,0,0.0,True,True,20596.142857,247.857143,-1e-10,,0,0,0.0,0.0,,,,2000,0,13,25,25,0,1,0,0,1554,0,0,0,0,0.0,0,500,-1e-10
movement_enabled,,7,4c74e8f8bba26088,phase-two-vm-0.7,phase-two-measurement-0.1,phase-two-spatial-0.7,True,reflective,,12,0,0.678777,,0.0,0.0,0,0.0,True,True,20725.428571,269.714286,-1e-10,,0,0,0.0,0.0,,,,2000,0,12,24,24,0,2,0,0,1477,1,0,0,0,0.0,0,500,-1e-10
movement_enabled,,8,6d5d03db574edc78,phase-two-vm-0.7,phase-two-measurement-0.1,phase-two-spatial-0.7,True,reflective,,12,0,0.758067,,0.0,0.0,0,0.0,True,True,20744.285714,263.285714,-1e-10,,0,1,0.0,0.0,,,,2000,0,12,24,24,0,4,0,0,1812,0,0,0,0,0.0,0,500,-1e-10
movement_enabled,,9,b18bf3cefe3429a9,phase-two-vm-0.7,phase-two-measurement-0.1,phase-two-spatial-0.7,True,reflective,,13,0,0.615727,,0.0,0.0,0,0.0,True,True,20659.0,267.142857,-1e-10,,0,0,0.0,0.0,,,,2000,0,13,25,24,0,2,0,0,1533,1,0,0,0,0.0,0,500,-1e-10
movement_enabled,,10,2cd05496427e46c1,phase-two-vm-0.7,phase-two-measurement-0.1,phase-two-spatial-0.7,True,reflective,,12,0,0.658624,,0.0,0.0,0,0.0,True,True,20651.142857,269.0,-1e-10,,0,0,0.0,0.0,,,,2000,0,12,24,24,0,1,0,0,1512,0,0,0,0,0.0,0,500,-1e-10
movement_enabled,,11,099e008bee700366,phase-two-vm-0.7,phase-two-measurement-0.1,phase-two-spatial-0.7,True,reflective,,12,0,0.74345,,0.0,0.0,0,0.0,True,True,20651.142857,269.714286,-1e-10,,0,0,0.0,0.0,,,,2000,0,12,24,24,0,1,0,0,1512,0,0,0,0,0.0,0,500,-1e-10
movement_enabled,,12,26bdccfc589775ea,phase-two-vm-0.7,phase-two-measurement-0.1,phase-two-spatial-0.7,True,reflective,,12,0,0.696759,,0.0,0.0,0,0.0,True,True,20622.714286,236.0,-1e-10,,0,0,0.0,0.0,,,,2000,0,12,24,24,0,3,0,0,1511,1,0,0,0,0.0,0,500,-1e-10
movement_enabled,,13,cd8274a4dfe86563,phase-two-vm-0.7,phase-two-measurement-0.1,phase-two-spatial-0.7,True,reflective,,14,0,0.676144,,0.0,0.0,0,0.0,True,True,20710.557143,258.571429,-1e-10,,1,1,0.0,0.0,,,,2000,0,14,26,24,0,4,0,0,1527,3,0,0,0,0.0,0,500,-1e-10
movement_enabled,,14,e1427ff20b828853,phase-two-vm-0.7,phase-two-measurement-0.1,phase-two-spatial-0.7,True,reflective,,14,0,0.743214,,0.0,0.0,0,0.0,True,True,20623.428571,236.142857,-1e-10,,0,0,0.0,0.0,,,,2000,0,14,26,24,0,3,0,0,1570,2,0,0,0,0.0,0,500,-1e-10
movement_enabled,,15,95433e2ad060f302,phase-two-vm-0.7,phase-two-measurement-0.1,phase-two-spatial-0.7,True,reflective,,15,1,0.581495,,0.0,0.0,0,0.0,True,True,20764.321429,266.428571,-1e-10,,1,0,0.0,0.0,,,,2000,0,15,27,24,0,5,0,0,1549,4,0,0,0,0.0,0,500,-1e-10
movement_enabled,,16,094390c9d57ade96,phase-two-vm-0.7,phase-two-measurement-0.1,phase-two-spatial-0.7,True,reflective,,12,0,0.793258,,0.0,0.0,0,0.0,True,True,20656.285714,269.0,-1e-10,,0,0,0.0,0.0,,,,2000,0,12,24,24,0,1,0,0,1512,0,0,0,0,0.0,0,500,-1e-10
movement_enabled,,17,b555810ba3efbb9a,phase-two-vm-0.7,phase-two-measurement-0.1,phase-two-spatial-0.7,True,reflective,,13,0,0.728461,,0.0,0.0,0,0.0,True,True,20563.428571,234.857143,-1e-10,,7,0,0.0,0.0,,,,2000,0,13,25,24,0,2,0,0,1548,1,0,0,0,0.0,0,500,-1e-10
movement_enabled,,18,3abc0283ec2f78de,phase-two-vm-0.7,phase-two-measurement-0.1,phase-two-spatial-0.7,True,reflective,,12,0,0.703667,,0.0,0.0,0,0.0,True,True,20729.0,270.0,-1e-10,,0,0,0.0,0.0,,,,2000,0,12,24,24,0,1,0,0,1512,0,0,0,0,0.0,0,500,-1e-10
movement_enabled,,19,d5ddac199e5feec5,phase-two-vm-0.7,phase-two-measurement-0.1,phase-two-spatial-0.7,True,reflective,,14,0,0.679598,,0.0,0.0,0,0.0,True,True,20560.714286,236.142857,-1e-10,,0,0,0.0,0.0,,,,2000,0,14,26,25,0,2,0,0,1596,1,0,0,0,0.0,0,500,-1e-10
movement_enabled,,20,253051a049b0dfb7,phase-two-vm-0.7,phase-two-measurement-0.1,phase-two-spatial-0.7,True,reflective,,14,0,0.654985,,0.0,0.0,0,0.0,True,True,20593.285714,236.142857,-1e-10,,0,0,0.0,0.0,,,,2000,0,14,26,24,0,3,0,0,1577,2,0,0,0,0.0,0,500,-1e-10
movement_enabled,,21,3a8c21004f427b25,phase-two-vm-0.7,phase-two-measurement-0.1,phase-two-spatial-0.7,True,reflective,,12,1,0.50358,,0.0,0.0,0,0.0,True,True,20693.0,269.285714,-1e-10,,0,0,0.0,0.0,,,,2000,0,12,24,24,0,1,0,0,1512,0,0,0,0,0.0,0,500,-1e-10
movement_enabled,,22,3c4687118165ba7f,phase-two-vm-0.7,phase-two-measurement-0.1,phase-two-spatial-0.7,True,reflective,,14,0,0.491042,,0.0,0.0,0,0.0,True,True,20663.714286,247.857143,-1e-10,,0,0,0.0,0.0,,,,2000,0,14,26,25,0,3,0,0,1535,1,0,0,0,0.0,0,500,-1e-10
movement_enabled,,23,e62a9f88837d06c2,phase-two-vm-0.7,phase-two-measurement-0.1,phase-two-spatial-0.7,True,reflective,,12,0,0.644036,,0.0,0.0,0,0.0,True,True,20622.428571,236.0,-1e-10,,0,0,0.0,0.0,,,,2000,0,12,24,24,0,3,0,0,1511,1,0,0,0,0.0,0,500,-1e-10
movement_enabled,,24,e4cc55e3e55993f7,phase-two-vm-0.7,phase-two-measurement-0.1,phase-two-spatial-0.7,True,reflective,,13,1,0.608855,,0.0,0.0,0,0.0,True,True,20698.285714,247.857143,-1e-10,,0,1,1.0,0.1,,,,2000,0,13,25,24,0,2,0,0,1554,1,0,0,0,0.0,0,500,-1e-10
movement_enabled,,25,29c8774def0899d7,phase-two-vm-0.7,phase-two-measurement-0.1,phase-two-spatial-0.7,True,reflective,,12,0,0.693048,,0.0,0.0,0,0.0,True,True,20697.285714,270.0,-1e-10,,0,0,0.0,0.0,,,,2000,0,12,24,24,0,1,0,0,1512,0,0,0,0,0.0,0,500,-1e-10
movement_enabled,,26,fc62fff2467465af,phase-two-vm-0.7,phase-two-measurement-0.1,phase-two-spatial-0.7,True,reflective,,12,0,0.642483,,0.0,0.0,0,0.0,True,True,20636.571429,247.857143,-1e-10,,0,1,0.0,0.0,,,,2000,0,12,24,24,0,3,0,0,1662,0,0,0,0,0.0,0,500,-1e-10
movement_enabled,,27,737ed32cbe910c1f,phase-two-vm-0.7,phase-two-measurement-0.1,phase-two-spatial-0.7,True,reflective,,12,0,0.65284,,0.0,0.0,0,0.0,True,True,20617.0,233.142857,-1e-10,,0,0,0.0,0.0,,,,2000,0,12,24,24,0,2,0,0,1496,1,0,0,0,0.0,0,500,-1e-10
movement_enabled,,28,3e379f3d8a2261a6,phase-two-vm-0.7,phase-two-measurement-0.1,phase-two-spatial-0.7,True,reflective,,12,0,0.693698,,0.0,0.0,0,0.0,True,True,20633.285714,247.857143,-1e-10,,0,0,0.0,0.0,,,,2000,0,12,24,24,0,2,0,0,1509,1,0,0,0,0.0,0,500,-1e-10
movement_enabled,,29,f3c67993fa23629a,phase-two-vm-0.7,phase-two-measurement-0.1,phase-two-spatial-0.7,True,reflective,,14,0,0.791377,,0.0,0.0,0,0.0,True,True,20689.571429,256.142857,-1e-10,,0,0,0.0,0.0,,,,2000,0,14,26,24,0,3,0,0,1540,2,0,0,0,0.0,0,500,-1e-10
movement_enabled,,30,7d556ccd928c12df,phase-two-vm-0.7,phase-two-measurement-0.1,phase-two-spatial-0.7,True,reflective,,12,0,0.736696,,0.0,0.0,0,0.0,True,True,20584.285714,234.857143,-2e-10,,1,1,0.0,0.0,,,,2000,0,12,24,24,0,5,0,0,1656,2,0,0,0,0.0,0,500,-1e-10
resource_abundant,,1,33ed5c1dfbb942cb,phase-two-vm-0.7,phase-two-measurement-0.1,phase-two-spatial-0.7,True,reflective,,175,3,0.644288,,14.322581,5.061982,11,0.11,True,False,32784.871429,0.0,-3.3e-09,,0,0,0.0,0.0,,,,2000,31,175,156,31,6,24,7,17,12313,17,27,27,0,0.0,496,4,2.5e-09
resource_abundant,,2,49dc52f13f8ccdc3,phase-two-vm-0.7,phase-two-measurement-0.1,phase-two-spatial-0.7,True,reflective,,89,0,0.656319,,0.0,24.507884,5,0.05,True,False,36361.671429,0.0,-4e-10,,0,0,0.0,0.0,,,,2000,5,89,96,24,2,9,2,11,5623,4,4,0,4,0.0,80,420,8e-10
resource_abundant,,3,551073b105b08093,phase-two-vm-0.7,phase-two-measurement-0.1,phase-two-spatial-0.7,True,reflective,,128,4,0.664543,,0.0,14.461354,6,0.06,True,False,34926.192857,0.0,-1.7e-09,,0,0,0.0,0.0,,,,2000,7,128,133,24,2,11,2,15,8239,5,5,0,5,0.0,112,388,1.6e-09
resource_abundant,,4,eef5c4a41a3a6bc8,phase-two-vm-0.7,phase-two-measurement-0.1,phase-two-spatial-0.7,True,reflective,,180,0,0.659285,,0.666667,9.521354,11,0.11,True,False,32362.6,0.0,-2e-09,,0,0,0.0,0.0,,,,2000,12,180,180,31,2,15,2,12,11569,11,11,0,11,0.0,192,308,3.1e-09
resource_abundant,,5,054f6b0fbf7e74dd,phase-two-vm-0.7,phase-two-measurement-0.1,phase-two-spatial-0.7,True,reflective,,119,2,0.699735,,0.0,24.679519,6,0.06,True,False,35090.542857,0.0,-2.1e-09,,0,0,0.0,0.0,,,,2000,6,119,125,26,3,8,3,13,7195,6,5,0,5,0.0,96,404,1.6e-09
resource_abundant,,6,a475eb1521ed8ee6,phase-two-vm-0.7,phase-two-measurement-0.1,phase-two-spatial-0.7,True,reflective,,132,1,0.708006,,0.0,13.259516,8,0.08,True,False,34547.871429,0.0,-2.2e-09,,0,0,0.0,0.0,,,,2000,9,132,135,25,1,9,1,12,7907,7,9,0,9,0.0,144,356,1.9e-09
resource_abundant,,7,3e55db5538d76aac,phase-two-vm-0.7,phase-two-measurement-0.1,phase-two-spatial-0.7,True,reflective,,105,0,0.679965,,0.0,18.391221,6,0.06,True,False,35658.014286,0.0,-1.4e-09,,0,0,0.0,0.0,,,,2000,7,105,110,24,2,8,2,13,6132,7,6,0,6,0.0,112,388,1.2e-09
resource_abundant,,8,6a182813ae1a5585,phase-two-vm-0.7,phase-two-measurement-0.1,phase-two-spatial-0.7,True,reflective,,85,3,0.647098,,0.0,25.043988,4,0.04,True,False,36672.792857,0.0,1e-10,,0,0,0.0,0.0,,,,2000,4,85,93,24,2,9,2,11,4847,6,3,0,3,0.0,64,436,6e-10
resource_abundant,,9,48bb840b6050870c,phase-two-vm-0.7,phase-two-measurement-0.1,phase-two-spatial-0.7,True,reflective,,133,1,0.67375,,0.0,21.726232,5,0.05,True,False,34436.928571,0.0,-2.6e-09,,0,0,0.0,0.0,,,,2000,5,133,140,24,1,10,1,13,7770,10,4,0,4,0.0,80,420,2e-09
resource_abundant,,10,84873491b8d09dac,phase-two-vm-0.7,phase-two-measurement-0.1,phase-two-spatial-0.7,True,reflective,,130,1,0.65626,,0.0,22.583072,7,0.07,True,False,34360.957143,0.0,-2.7e-09,,0,0,0.0,0.0,,,,2000,7,130,135,24,1,13,1,11,7686,11,6,0,6,0.0,112,388,2.1e-09
resource_abundant,,11,837847caf7f4cc7d,phase-two-vm-0.7,phase-two-measurement-0.1,phase-two-spatial-0.7,True,reflective,,147,2,0.667804,,0.571429,14.389621,11,0.11,True,False,33058.128571,0.0,-4.2e-09,,0,0,0.0,0.0,,,,2000,14,147,145,24,2,8,1,13,8700,5,11,0,11,0.0,224,276,2.9e-09
resource_abundant,,12,e4884be4f4ed12e8,phase-two-vm-0.7,phase-two-measurement-0.1,phase-two-spatial-0.7,True,reflective,,134,1,0.668306,,0.0,21.676019,7,0.07,True,False,34427.707143,0.0,-2.3e-09,,0,0,0.0,0.0,,,,2000,7,134,139,24,2,14,2,12,8282,9,7,0,7,0.0,112,388,2e-09
resource_abundant,,13,43159e3acaab4a22,phase-two-vm-0.7,phase-two-measurement-0.1,phase-two-spatial-0.7,True,reflective,,131,0,0.676713,,0.0,22.210572,7,0.07,True,False,34752.671429,0.0,-1.7e-09,,0,0,0.0,0.0,,,,2000,7,131,136,24,3,17,3,12,8204,14,6,0,6,0.0,112,388,1.7e-09
resource_abundant,,14,6f3dafba7010427c,phase-two-vm-0.7,phase-two-measurement-0.1,phase-two-spatial-0.7,True,reflective,,128,0,0.677989,,0.0,16.323905,8,0.08,True,False,34580.171429,0.0,-2.1e-09,,0,0,0.0,0.0,,,,2000,8,128,132,25,2,13,2,14,8217,10,7,0,7,0.0,128,372,1.8e-09
resource_abundant,,15,d1cf90aef64b08cf,phase-two-vm-0.7,phase-two-measurement-0.1,phase-two-spatial-0.7,True,reflective,,106,4,0.685808,,0.2,9.99801,9,0.09,True,False,35577.414286,0.0,-1.5e-09,,0,0,0.0,0.0,,,,2000,10,106,108,24,3,8,4,13,6140,6,5,0,5,0.0,160,340,1.2e-09
resource_abundant,,16,28519d01b14d25d7,phase-two-vm-0.7,phase-two-measurement-0.1,phase-two-spatial-0.7,True,reflective,,167,4,0.676715,,0.769231,5.864141,8,0.08,True,False,33106.035714,0.0,-2.8e-09,,0,0,0.0,0.0,,,,2000,13,167,166,31,3,15,3,16,10896,10,8,0,8,0.0,208,292,2.7e-09
resource_abundant,,17,1e64e0238f240d6d,phase-two-vm-0.7,phase-two-measurement-0.1,phase-two-spatial-0.7,True,reflective,,227,12,0.664912,,1.285714,7.488326,10,0.1,True,False,29796.764286,0.0,3e-10,,0,0,0.0,0.0,,,,2000,14,227,225,31,4,17,4,14,16910,9,11,0,11,0.0,224,276,4.7e-09
resource_abundant,,18,c46c6fa9e84565ab,phase-two-vm-0.7,phase-two-measurement-0.1,phase-two-spatial-0.7,True,reflective,,114,0,0.662702,,0.0,12.118906,8,0.08,True,False,34681.114286,0.0,-2.4e-09,,0,0,0.0,0.0,,,,2000,9,114,117,24,4,8,3,11,7252,4,7,0,7,0.0,144,356,1.8e-09
resource_abundant,,19,3b2b48cf8a9ee748,phase-two-vm-0.7,phase-two-measurement-0.1,phase-two-spatial-0.7,True,reflective,,168,7,0.689312,,3.625,7.658203,9,0.09,True,False,32747.028571,0.0,-3.8e-09,,0,0,0.0,0.0,,,,2000,16,168,164,26,3,12,3,13,12288,8,13,0,13,0.0,256,244,2.9e-09
resource_abundant,,20,565d08f831d95983,phase-two-vm-0.7,phase-two-measurement-0.1,phase-two-spatial-0.7,True,reflective,,162,1,0.692663,,0.4,12.182529,9,0.09,True,False,33441.471429,0.0,-3.5e-09,,0,0,0.0,0.0,,,,2000,10,162,164,25,2,14,2,13,10235,10,10,0,10,0.0,160,340,2.5e-09
resource_abundant,,21,806f621ebfa9983d,phase-two-vm-0.7,phase-two-measurement-0.1,phase-two-spatial-0.7,True,reflective,,94,6,0.643345,,0.0,16.268099,6,0.06,True,False,36114.428571,0.0,-7e-10,,0,0,0.0,0.0,,,,2000,6,94,100,24,2,10,3,12,5510,9,6,0,6,0.0,96,404,1e-09
resource_abundant,,22,d72ac58edb99b6de,phase-two-vm-0.7,phase-two-measurement-0.1,phase-two-spatial-0.7,True,reflective,,91,0,0.639282,,0.0,26.477155,7,0.07,True,False,36055.8,0.0,-7e-10,,0,0,0.0,0.0,,,,2000,7,91,96,25,2,9,2,12,5316,6,6,0,6,0.0,112,388,1e-09
resource_abundant,,23,7313666ea09bd57d,phase-two-vm-0.7,phase-two-measurement-0.1,phase-two-spatial-0.7,True,reflective,,162,0,0.69738,,0.333333,11.507312,6,0.06,True,False,32879.571429,0.0,-3.7e-09,,0,0,0.0,0.0,,,,2000,6,162,168,31,2,16,2,11,11392,8,5,0,5,0.0,96,404,2.9e-09
resource_abundant,,24,1ef4530718cbd993,phase-two-vm-0.7,phase-two-measurement-0.1,phase-two-spatial-0.7,True,reflective,,95,4,0.610488,,0.0,16.124561,7,0.07,True,False,36185.914286,0.0,-6e-10,,0,0,0.0,0.0,,,,2000,7,95,100,24,2,6,2,13,5305,4,6,0,6,0.0,112,388,9e-10
resource_abundant,,25,3668a560ebcefa80,phase-two-vm-0.7,phase-two-measurement-0.1,phase-two-spatial-0.7,True,reflective,,156,0,0.631097,,0.8,9.261493,9,0.09,True,False,33763.507143,0.0,-1.8e-09,,0,0,0.0,0.0,,,,2000,10,156,158,29,2,9,2,15,9903,7,7,0,7,0.0,160,340,2.2e-09
resource_abundant,,26,37834d80471620b9,phase-two-vm-0.7,phase-two-measurement-0.1,phase-two-spatial-0.7,True,reflective,,110,0,0.651046,,0.0,15.19588,8,0.08,True,False,34842.821429,0.0,-2.5e-09,,0,0,0.0,0.0,,,,2000,8,110,114,24,2,10,2,12,6635,6,7,0,7,0.0,128,372,1.8e-09
resource_abundant,,27,428eca48465f7334,phase-two-vm-0.7,phase-two-measurement-0.1,phase-two-spatial-0.7,True,reflective,,100,0,0.653103,,0.0,20.64358,8,0.08,True,False,35034.378571,0.0,-2.1e-09,,0,0,0.0,0.0,,,,2000,8,100,104,24,3,10,3,12,5670,6,6,0,6,0.0,128,372,1.7e-09
resource_abundant,,28,0cb7f42333316c9c,phase-two-vm-0.7,phase-two-measurement-0.1,phase-two-spatial-0.7,True,reflective,,137,4,0.655682,,0.857143,14.933744,6,0.06,True,False,34479.414286,0.0,-1.8e-09,,0,0,0.0,0.0,,,,2000,7,137,142,24,1,17,1,15,8394,15,7,0,7,0.0,112,388,1.9e-09
resource_abundant,,29,f4c5ea58cc431f02,phase-two-vm-0.7,phase-two-measurement-0.1,phase-two-spatial-0.7,True,reflective,,121,1,0.661387,,0.333333,8.863527,5,0.05,True,False,35462.714286,0.0,-1e-09,,0,0,0.0,0.0,,,,2000,6,121,127,24,1,12,1,13,8076,9,6,0,6,0.0,96,404,1.3e-09
resource_abundant,,30,9b1f7bcf259c6cd8,phase-two-vm-0.7,phase-two-measurement-0.1,phase-two-spatial-0.7,True,reflective,,99,0,0.672518,,0.0,35.233609,4,0.04,True,False,35910.121429,0.0,-1e-09,,0,0,0.0,0.0,,,,2000,4,99,107,24,2,12,2,11,6315,9,2,0,2,0.0,64,436,1.1e-09
resource_limited,,1,ac3030f965e4f61b,phase-two-vm-0.7,phase-two-measurement-0.1,phase-two-spatial-0.7,True,reflective,,12,0,0.667522,,0.0,0.0,0,0.0,True,False,10693.357143,130.214286,-1e-10,,0,0,0.0,0.0,,,,2000,0,12,24,24,0,3,0,0,1474,2,0,0,0,0.0,0,500,-1e-10
resource_limited,,2,3bfad2284bc34a1b,phase-two-vm-0.7,phase-two-measurement-0.1,phase-two-spatial-0.7,True,reflective,,12,0,0.644547,,0.0,0.0,0,0.0,True,False,10808.714286,137.428571,-2e-10,,0,0,0.0,0.0,,,,2000,0,12,24,24,0,2,0,0,1512,0,0,0,0,0.0,0,500,-1e-10
resource_limited,,3,76d4621804097e11,phase-two-vm-0.7,phase-two-measurement-0.1,phase-two-spatial-0.7,True,reflective,,12,0,0.643361,,0.0,0.0,0,0.0,True,False,10788.642857,137.428571,-2e-10,,0,0,0.0,0.0,,,,2000,0,12,24,24,0,2,0,0,1654,0,0,0,0,0.0,0,500,-1e-10
resource_limited,,4,cea3fb4ef85b3750,phase-two-vm-0.7,phase-two-measurement-0.1,phase-two-spatial-0.7,True,reflective,,12,0,0.635638,,0.0,0.0,0,0.0,True,False,10737.0,130.928571,-1e-10,,0,0,0.0,0.0,,,,2000,0,12,24,24,0,1,0,0,1512,0,0,0,0,0.0,0,500,-1e-10
resource_limited,,5,bef69614a3e2fe7b,phase-two-vm-0.7,phase-two-measurement-0.1,phase-two-spatial-0.7,True,reflective,,12,0,0.670392,,0.0,0.0,0,0.0,True,False,10729.142857,130.928571,-1e-10,,0,0,0.0,0.0,,,,2000,0,12,24,24,0,1,0,0,1512,0,0,0,0,0.0,0,500,-1e-10
resource_limited,,6,27698cb3fa409e17,phase-two-vm-0.7,phase-two-measurement-0.1,phase-two-spatial-0.7,True,reflective,,12,1,0.834723,,0.0,0.0,0,0.0,True,False,10736.571429,130.928571,-1e-10,,0,0,0.0,0.0,,,,2000,0,12,24,24,0,1,0,0,1512,0,0,0,0,0.0,0,500,-1e-10
resource_limited,,7,6347af59ecdcde50,phase-two-vm-0.7,phase-two-measurement-0.1,phase-two-spatial-0.7,True,reflective,,12,0,0.678777,,0.0,0.0,0,0.0,True,False,10809.285714,137.642857,-2e-10,,0,0,0.0,0.0,,,,2000,0,12,24,24,0,2,0,0,1477,1,0,0,0,0.0,0,500,-1e-10
resource_limited,,8,f5aaa040147c70a9,phase-two-vm-0.7,phase-two-measurement-0.1,phase-two-spatial-0.7,True,reflective,,12,0,0.758067,,0.0,0.0,0,0.0,True,False,10828.357143,137.0,-2e-10,,0,0,0.0,0.0,,,,2000,0,12,24,24,0,3,0,0,1638,0,0,0,0,0.0,0,500,-1e-10
resource_limited,,9,bb077c325f8def77,phase-two-vm-0.7,phase-two-measurement-0.1,phase-two-spatial-0.7,True,reflective,,12,0,0.598557,,0.0,0.0,0,0.0,True,False,10759.071429,130.214286,-1e-10,,0,0,0.0,0.0,,,,2000,0,12,24,24,0,2,0,0,1475,1,0,0,0,0.0,0,500,-1e-10
resource_limited,,10,bececd3dc34c1aa6,phase-two-vm-0.7,phase-two-measurement-0.1,phase-two-spatial-0.7,True,reflective,,12,0,0.658624,,0.0,0.0,0,0.0,True,False,10766.571429,137.357143,-1e-10,,0,0,0.0,0.0,,,,2000,0,12,24,24,0,1,0,0,1512,0,0,0,0,0.0,0,500,-1e-10
resource_limited,,11,43e7bc33ad54cfdd,phase-two-vm-0.7,phase-two-measurement-0.1,phase-two-spatial-0.7,True,reflective,,12,0,0.74345,,0.0,0.0,0,0.0,True,False,10767.142857,137.214286,-1e-10,,0,0,0.0,0.0,,,,2000,0,12,24,24,0,1,0,0,1512,0,0,0,0,0.0,0,500,-1e-10
resource_limited,,12,684d4d92ec2734be,phase-two-vm-0.7,phase-two-measurement-0.1,phase-two-spatial-0.7,True,reflective,,12,0,0.696759,,0.0,0.0,0,0.0,True,False,10760.142857,131.785714,-1e-10,,0,0,0.0,0.0,,,,2000,0,12,24,24,0,3,0,0,1511,1,0,0,0,0.0,0,500,-1e-10
resource_limited,,13,20e1747324be3f9e,phase-two-vm-0.7,phase-two-measurement-0.1,phase-two-spatial-0.7,True,reflective,,12,0,0.641554,,0.0,0.0,0,0.0,True,False,10769.714286,130.285714,-2e-10,,0,0,0.0,0.0,,,,2000,0,12,24,24,0,4,0,0,1419,3,0,0,0,0.0,0,500,-1e-10
resource_limited,,14,e5cb3e4911623c2a,phase-two-vm-0.7,phase-two-measurement-0.1,phase-two-spatial-0.7,True,reflective,,12,0,0.76844,,0.0,0.0,0,0.0,True,False,10745.142857,130.071429,-1e-10,,0,0,0.0,0.0,,,,2000,0,12,24,24,0,3,0,0,1470,2,0,0,0,0.0,0,500,-1e-10
resource_limited,,15,6956fc6049df4c6f,phase-two-vm-0.7,phase-two-measurement-0.1,phase-two-spatial-0.7,True,reflective,,12,1,0.585859,,0.0,0.0,0,0.0,True,False,10808.857143,130.142857,-2e-10,,0,0,0.0,0.0,,,,2000,0,12,24,24,0,4,0,0,1436,3,0,0,0,0.0,0,500,-1e-10
resource_limited,,16,b7fb8f3098d84d6c,phase-two-vm-0.7,phase-two-measurement-0.1,phase-two-spatial-0.7,True,reflective,,12,0,0.793258,,0.0,0.0,0,0.0,True,False,10765.428571,137.357143,-1e-10,,0,0,0.0,0.0,,,,2000,0,12,24,24,0,1,0,0,1512,0,0,0,0,0.0,0,500,-1e-10
resource_limited,,17,16d1b26577817fd0,phase-two-vm-0.7,phase-two-measurement-0.1,phase-two-spatial-0.7,True,reflective,,12,0,0.730326,,0.0,0.0,0,0.0,True,False,10736.5,130.928571,-1e-10,,0,0,0.0,0.0,,,,2000,0,12,24,24,0,2,0,0,1654,0,0,0,0,0.0,0,500,-1e-10
resource_limited,,18,e476a129d0ba3a51,phase-two-vm-0.7,phase-two-measurement-0.1,phase-two-spatial-0.7,True,reflective,,12,0,0.703667,,0.0,0.0,0,0.0,True,False,10810.428571,137.714286,-2e-10,,0,0,0.0,0.0,,,,2000,0,12,24,24,0,1,0,0,1512,0,0,0,0,0.0,0,500,-1e-10
resource_limited,,19,b5dd7bfa969182c9,phase-two-vm-0.7,phase-two-measurement-0.1,phase-two-spatial-0.7,True,reflective,,12,0,0.661393,,0.0,0.0,0,0.0,True,False,10725.357143,130.928571,-1e-10,,0,0,0.0,0.0,,,,2000,0,12,24,24,0,2,0,0,1512,1,0,0,0,0.0,0,500,-1e-10
resource_limited,,20,0972e3759bbfd1d9,phase-two-vm-0.7,phase-two-measurement-0.1,phase-two-spatial-0.7,True,reflective,,12,0,0.634831,,0.0,0.0,0,0.0,True,False,10722.928571,130.285714,-1e-10,,0,0,0.0,0.0,,,,2000,0,12,24,24,0,3,0,0,1477,2,0,0,0,0.0,0,500,-1e-10
resource_limited,,21,43760200331c288a,phase-two-vm-0.7,phase-two-measurement-0.1,phase-two-spatial-0.7,True,reflective,,12,1,0.50358,,0.0,0.0,0,0.0,True,False,10788.285714,137.5,-2e-10,,0,0,0.0,0.0,,,,2000,0,12,24,24,0,1,0,0,1512,0,0,0,0,0.0,0,500,-1e-10
resource_limited,,22,f44d4b6c5ef822c9,phase-two-vm-0.7,phase-two-measurement-0.1,phase-two-spatial-0.7,True,reflective,,12,0,0.497983,,0.0,0.0,0,0.0,True,False,10772.785714,130.285714,-2e-10,,0,0,0.0,0.0,,,,2000,0,12,24,24,0,2,0,0,1476,1,0,0,0,0.0,0,500,-1e-10
resource_limited,,23,48d7934261fb9e19,phase-two-vm-0.7,phase-two-measurement-0.1,phase-two-spatial-0.7,True,reflective,,12,0,0.644036,,0.0,0.0,0,0.0,True,False,10760.642857,131.785714,-1e-10,,0,0,0.0,0.0,,,,2000,0,12,24,24,0,3,0,0,1511,1,0,0,0,0.0,0,500,-1e-10
resource_limited,,24,bf5dbfcdc8a8403c,phase-two-vm-0.7,phase-two-measurement-0.1,phase-two-spatial-0.7,True,reflective,,12,1,0.593116,,0.0,0.0,0,0.0,True,False,10800.071429,130.928571,-2e-10,,0,0,0.0,0.0,,,,2000,0,12,24,24,0,2,0,0,1512,1,0,0,0,0.0,0,500,-1e-10
resource_limited,,25,af2ef5206fe35b04,phase-two-vm-0.7,phase-two-measurement-0.1,phase-two-spatial-0.7,True,reflective,,12,0,0.693048,,0.0,0.0,0,0.0,True,False,10787.642857,137.357143,-2e-10,,0,0,0.0,0.0,,,,2000,0,12,24,24,0,1,0,0,1512,0,0,0,0,0.0,0,500,-1e-10
resource_limited,,26,e7c760b125b45b31,phase-two-vm-0.7,phase-two-measurement-0.1,phase-two-spatial-0.7,True,reflective,,12,0,0.642483,,0.0,0.0,0,0.0,True,False,10764.142857,134.428571,-1e-10,,0,0,0.0,0.0,,,,2000,0,12,24,24,0,3,0,0,1614,0,0,0,0,0.0,0,500,-1e-10
resource_limited,,27,44ef3082835d2330,phase-two-vm-0.7,phase-two-measurement-0.1,phase-two-spatial-0.7,True,reflective,,12,0,0.65284,,0.0,0.0,0,0.0,True,False,10759.785714,131.142857,-1e-10,,0,0,0.0,0.0,,,,2000,0,12,24,24,0,2,0,0,1496,1,0,0,0,0.0,0,500,-1e-10
resource_limited,,28,3d7135b5f19099c7,phase-two-vm-0.7,phase-two-measurement-0.1,phase-two-spatial-0.7,True,reflective,,12,0,0.693698,,0.0,0.0,0,0.0,True,False,10762.928571,134.428571,-1e-10,,0,0,0.0,0.0,,,,2000,0,12,24,24,0,2,0,0,1509,1,0,0,0,0.0,0,500,-1e-10
resource_limited,,29,5a23adeb28690853,phase-two-vm-0.7,phase-two-measurement-0.1,phase-two-spatial-0.7,True,reflective,,12,0,0.809686,,0.0,0.0,0,0.0,True,False,10769.428571,130.285714,-2e-10,,0,0,0.0,0.0,,,,2000,0,12,24,24,0,3,0,0,1440,2,0,0,0,0.0,0,500,-1e-10
resource_limited,,30,fc5d988ca6c55250,phase-two-vm-0.7,phase-two-measurement-0.1,phase-two-spatial-0.7,True,reflective,,12,0,0.736696,,0.0,0.0,0,0.0,True,False,10760.357143,131.785714,-1e-10,,0,0,0.0,0.0,,,,2000,0,12,24,24,0,3,0,0,1653,1,0,0,0,0.0,0,500,-1e-10
small_world,,1,5aefc2852d2f7bf8,phase-two-vm-0.7,phase-two-measurement-0.1,phase-two-spatial-0.7,True,reflective,,17,0,0.628786,,0.0,0.0,0,0.0,True,False,20427.75,236.142857,-1e-10,,0,0,0.0,0.0,,,,2000,0,17,29,27,0,4,0,0,1691,3,0,0,0,0.0,0,500,-1e-10
small_world,,2,e35afbb4eb8342c5,phase-two-vm-0.7,phase-two-measurement-0.1,phase-two-spatial-0.7,True,reflective,,12,0,0.644547,,0.0,0.0,0,0.0,True,False,20704.857143,247.857143,-1e-10,,0,0,0.0,0.0,,,,2000,0,12,24,24,0,2,0,0,1512,0,0,0,0,0.0,0,500,-1e-10
small_world,,3,771342caa521aab8,phase-two-vm-0.7,phase-two-measurement-0.1,phase-two-spatial-0.7,True,reflective,,13,0,0.65336,,0.0,0.0,0,0.0,True,False,20657.571429,256.142857,-1e-10,,0,0,0.0,0.0,,,,2000,0,13,25,25,0,2,0,0,1704,0,0,0,0,0.0,0,500,-1e-10
small_world,,4,3af547f2e43c108f,phase-two-vm-0.7,phase-two-measurement-0.1,phase-two-spatial-0.7,True,reflective,,13,0,0.643262,,0.0,0.0,0,0.0,True,False,20613.0,253.571429,-1e-10,,0,0,0.0,0.0,,,,2000,0,13,25,25,0,1,0,0,1554,0,0,0,0,0.0,0,500,-1e-10
small_world,,5,5c0cd1c0da570802,phase-two-vm-0.7,phase-two-measurement-0.1,phase-two-spatial-0.7,True,reflective,,14,0,0.654231,,0.0,0.0,0,0.0,True,False,20572.428571,247.857143,-1e-10,,0,0,0.0,0.0,,,,2000,0,14,26,26,0,1,0,0,1596,0,0,0,0,0.0,0,500,-1e-10
small_world,,6,725ef9b9ef56cdfc,phase-two-vm-0.7,phase-two-measurement-0.1,phase-two-spatial-0.7,True,reflective,,13,1,0.836877,,0.0,0.0,0,0.0,True,False,20597.571429,247.857143,-1e-10,,0,0,0.0,0.0,,,,2000,0,13,25,25,0,1,0,0,1554,0,0,0,0,0.0,0,500,-1e-10
small_world,,7,6dbd2ff2c775b70c,phase-two-vm-0.7,phase-two-measurement-0.1,phase-two-spatial-0.7,True,reflective,,13,0,0.681595,,0.0,0.0,0,0.0,True,False,20708.714286,269.714286,-1e-10,,0,0,0.0,0.0,,,,2000,0,13,25,24,0,2,0,0,1519,1,0,0,0,0.0,0,500,-1e-10
small_world,,8,1d8b7ce35ddb8b59,phase-two-vm-0.7,phase-two-measurement-0.1,phase-two-spatial-0.7,True,reflective,,12,1,0.729861,,0.0,0.0,0,0.0,True,False,20740.857143,263.285714,-1e-10,,0,0,0.0,0.0,,,,2000,0,12,24,24,0,3,0,0,1662,0,0,0,0,0.0,0,500,-1e-10
small_world,,9,0d3a4282c42eba15,phase-two-vm-0.7,phase-two-measurement-0.1,phase-two-spatial-0.7,True,reflective,,13,1,0.597604,,0.0,0.0,0,0.0,True,False,20659.0,267.142857,-1e-10,,0,0,0.0,0.0,,,,2000,0,13,25,24,0,2,0,0,1533,1,0,0,0,0.0,0,500,-1e-10
small_world,,10,6dc1ae00139c0232,phase-two-vm-0.7,phase-two-measurement-0.1,phase-two-spatial-0.7,True,reflective,,12,0,0.658624,,0.0,0.0,0,0.0,True,False,20651.142857,269.0,-1e-10,,0,0,0.0,0.0,,,,2000,0,12,24,24,0,1,0,0,1512,0,0,0,0,0.0,0,500,-1e-10
small_world,,11,780ccd675a90aaf7,phase-two-vm-0.7,phase-two-measurement-0.1,phase-two-spatial-0.7,True,reflective,,14,0,0.726288,,0.0,0.0,0,0.0,True,False,20541.428571,247.857143,-1e-10,,0,0,0.0,0.0,,,,2000,0,14,26,26,0,1,0,0,1596,0,0,0,0,0.0,0,500,-1e-10
small_world,,12,624bcb5ce4cff83b,phase-two-vm-0.7,phase-two-measurement-0.1,phase-two-spatial-0.7,True,reflective,,12,0,0.696759,,0.0,0.0,0,0.0,True,False,20622.714286,236.0,-1e-10,,0,0,0.0,0.0,,,,2000,0,12,24,24,0,3,0,0,1511,1,0,0,0,0.0,0,500,-1e-10
small_world,,13,0bc8cdaf14c33420,phase-two-vm-0.7,phase-two-measurement-0.1,phase-two-spatial-0.7,True,reflective,,14,0,0.676144,,0.0,0.0,0,0.0,True,False,20668.571429,236.142857,-2e-10,,0,0,0.0,0.0,,,,2000,0,14,26,24,0,5,0,0,1519,4,0,0,0,0.0,0,500,-1e-10
small_world,,14,68f226d6673ca26a,phase-two-vm-0.7,phase-two-measurement-0.1,phase-two-spatial-0.7,True,reflective,,15,0,0.732455,,0.0,0.0,0,0.0,True,False,20557.285714,236.142857,-1e-10,,0,0,0.0,0.0,,,,2000,0,15,27,25,0,3,0,0,1612,2,0,0,0,0.0,0,500,-1e-10
small_world,,15,1b74311f86265186,phase-two-vm-0.7,phase-two-measurement-0.1,phase-two-spatial-0.7,True,reflective,,15,1,0.581653,,0.0,0.0,0,0.0,True,False,20742.0,265.285714,-1e-10,,0,0,0.0,0.0,,,,2000,0,15,27,24,0,4,0,0,1586,3,0,0,0,0.0,0,500,-1e-10
small_world,,16,4eeb5a08f92dcd8d,phase-two-vm-0.7,phase-two-measurement-0.1,phase-two-spatial-0.7,True,reflective,,15,0,0.746668,,0.0,0.0,0,0.0,True,False,20506.0,247.857143,-1e-10,,0,0,0.0,0.0,,,,2000,0,15,27,27,0,1,0,0,1638,0,0,0,0,0.0,0,500,-1e-10
small_world,,17,5d44f1f16f42f086,phase-two-vm-0.7,phase-two-measurement-0.1,phase-two-spatial-0.7,True,reflective,,14,0,0.72581,,0.0,0.0,0,0.0,True,False,20538.857143,247.857143,-1e-10,,0,0,0.0,0.0,,,,2000,0,14,26,26,0,2,0,0,1746,0,0,0,0,0.0,0,500,-1e-10
small_world,,18,6b02f9e069edc896,phase-two-vm-0.7,phase-two-measurement-0.1,phase-two-spatial-0.7,True,reflective,,12,0,0.703667,,0.0,0.0,0,0.0,True,False,20729.0,270.0,-1e-10,,0,0,0.0,0.0,,,,2000,0,12,24,24,0,1,0,0,1512,0,0,0,0,0.0,0,500,-1e-10
small_world,,19,250af271a1446598,phase-two-vm-0.7,phase-two-measurement-0.1,phase-two-spatial-0.7,True,reflective,,17,0,0.713322,,0.0,0.0,0,0.0,True,False,20419.414286,236.142857,-1e-10,,0,0,0.0,0.0,,,,2000,0,17,29,28,0,3,0,0,1722,2,0,0,0,0.0,0,500,-1e-10
small_world,,20,234ceb7b2e6e9e9f,phase-two-vm-0.7,phase-two-measurement-0.1,phase-two-spatial-0.7,True,reflective,,14,1,0.64645,,0.0,0.0,0,0.0,True,False,20563.142857,236.142857,-1e-10,,0,0,0.0,0.0,,,,2000,0,14,26,24,0,3,0,0,1577,2,0,0,0,0.0,0,500,-1e-10
small_world,,21,47ee38393fd6587c,phase-two-vm-0.7,phase-two-measurement-0.1,phase-two-spatial-0.7,True,reflective,,12,1,0.520819,,0.0,0.0,0,0.0,True,False,20693.0,269.285714,-1e-10,,0,0,0.0,0.0,,,,2000,0,12,24,24,0,1,0,0,1512,0,0,0,0,0.0,0,500,-1e-10
small_world,,22,1741e856212d9f88,phase-two-vm-0.7,phase-two-measurement-0.1,phase-two-spatial-0.7,True,reflective,,14,0,0.491042,,0.0,0.0,0,0.0,True,False,20663.714286,247.857143,-1e-10,,0,0,0.0,0.0,,,,2000,0,14,26,25,0,3,0,0,1535,1,0,0,0,0.0,0,500,-1e-10
small_world,,23,43747d6926a5df7e,phase-two-vm-0.7,phase-two-measurement-0.1,phase-two-spatial-0.7,True,reflective,,13,0,0.664265,,0.0,0.0,0,0.0,True,False,20560.142857,236.0,-1e-10,,0,0,0.0,0.0,,,,2000,0,13,25,24,0,3,0,0,1553,1,0,0,0,0.0,0,500,-1e-10
small_world,,24,60eea871765d49c8,phase-two-vm-0.7,phase-two-measurement-0.1,phase-two-spatial-0.7,True,reflective,,14,1,0.63275,,0.0,0.0,0,0.0,True,False,20676.285714,247.857143,-1e-10,,0,0,0.0,0.0,,,,2000,0,14,26,25,0,2,0,0,1596,1,0,0,0,0.0,0,500,-1e-10
small_world,,25,05d1034afe129557,phase-two-vm-0.7,phase-two-measurement-0.1,phase-two-spatial-0.7,True,reflective,,12,0,0.693048,,0.0,0.0,0,0.0,True,False,20672.571429,247.857143,-1e-10,,0,0,0.0,0.0,,,,2000,0,12,24,24,0,1,0,0,1512,0,0,0,0,0.0,0,500,-1e-10
small_world,,26,69b49a0922debb77,phase-two-vm-0.7,phase-two-measurement-0.1,phase-two-spatial-0.7,True,reflective,,12,0,0.642483,,0.0,0.0,0,0.0,True,False,20624.571429,247.857143,-1e-10,,0,0,0.0,0.0,,,,2000,0,12,24,24,0,3,0,0,1622,0,0,0,0,0.0,0,500,-1e-10
small_world,,27,8e8d9ef42aac2dcd,phase-two-vm-0.7,phase-two-measurement-0.1,phase-two-spatial-0.7,True,reflective,,13,0,0.665931,,0.0,0.0,0,0.0,True,False,20567.857143,233.142857,-1e-10,,0,0,0.0,0.0,,,,2000,0,13,25,24,0,2,0,0,1538,1,0,0,0,0.0,0,500,-1e-10
small_world,,28,53f6ef28c3f98eb8,phase-two-vm-0.7,phase-two-measurement-0.1,phase-two-spatial-0.7,True,reflective,,12,0,0.693698,,0.0,0.0,0,0.0,True,False,20633.285714,247.857143,-1e-10,,0,0,0.0,0.0,,,,2000,0,12,24,24,0,2,0,0,1509,1,0,0,0,0.0,0,500,-1e-10
small_world,,29,3233a9b0c422106d,phase-two-vm-0.7,phase-two-measurement-0.1,phase-two-spatial-0.7,True,reflective,,16,0,0.801819,,0.0,0.0,0,0.0,True,False,20570.0,247.857143,-1e-10,,0,0,0.0,0.0,,,,2000,0,16,28,26,0,3,0,0,1616,2,0,0,0,0.0,0,500,-1e-10
small_world,,30,ad9f737f16621978,phase-two-vm-0.7,phase-two-measurement-0.1,phase-two-spatial-0.7,True,reflective,,12,0,0.736696,,0.0,0.0,0,0.0,True,False,20609.857143,236.0,-1e-10,,0,0,0.0,0.0,,,,2000,0,12,24,24,0,3,0,0,1661,1,0,0,0,0.0,0,500,-1e-10
large_world,,1,b553e14d0f4f5425,phase-two-vm-0.7,phase-two-measurement-0.1,phase-two-spatial-0.7,True,reflective,,14,0,0.658679,,0.0,0.0,0,0.0,True,False,20563.142857,236.0,-2e-10,,0,0,0.0,0.0,,,,2000,0,14,26,24,0,4,0,0,1565,3,0,0,0,0.0,0,500,-1e-10
large_world,,2,a39ec0b488afe050,phase-two-vm-0.7,phase-two-measurement-0.1,phase-two-spatial-0.7,True,reflective,,12,0,0.644547,,0.0,0.0,0,0.0,True,False,20726.571429,270.0,-1e-10,,0,0,0.0,0.0,,,,2000,0,12,24,24,0,2,0,0,1512,0,0,0,0,0.0,0,500,-1e-10
large_world,,3,dfb75226130d9720,phase-two-vm-0.7,phase-two-measurement-0.1,phase-two-spatial-0.7,True,reflective,,12,0,0.643361,,0.0,0.0,0,0.0,True,False,20687.0,264.285714,-1e-10,,0,0,0.0,0.0,,,,2000,0,12,24,24,0,2,0,0,1662,0,0,0,0,0.0,0,500,-1e-10
large_world,,4,60ee35dfcb9ed003,phase-two-vm-0.7,phase-two-measurement-0.1,phase-two-spatial-0.7,True,reflective,,12,0,0.635638,,0.0,0.0,0,0.0,True,False,20657.428571,269.285714,-1e-10,,0,0,0.0,0.0,,,,2000,0,12,24,24,0,1,0,0,1512,0,0,0,0,0.0,0,500,-1e-10
large_world,,5,5f020e1c4c882a24,phase-two-vm-0.7,phase-two-measurement-0.1,phase-two-spatial-0.7,True,reflective,,14,0,0.654231,,0.0,0.0,0,0.0,True,False,20572.428571,247.857143,-1e-10,,0,0,0.0,0.0,,,,2000,0,14,26,26,0,1,0,0,1596,0,0,0,0,0.0,0,500,-1e-10
large_world,,6,95e122a9f785bd41,phase-two-vm-0.7,phase-two-measurement-0.1,phase-two-spatial-0.7,True,reflective,,12,1,0.827381,,0.0,0.0,0,0.0,True,False,20657.0,267.857143,-1e-10,,0,0,0.0,0.0,,,,2000,0,12,24,24,0,1,0,0,1512,0,0,0,0,0.0,0,500,-1e-10
large_world,,7,ecf8074af28e1fb6,phase-two-vm-0.7,phase-two-measurement-0.1,phase-two-spatial-0.7,True,reflective,,12,0,0.678777,,0.0,0.0,0,0.0,True,False,20725.428571,269.714286,-1e-10,,0,0,0.0,0.0,,,,2000,0,12,24,24,0,2,0,0,1477,1,0,0,0,0.0,0,500,-1e-10
large_world,,8,7548c696ac1c3164,phase-two-vm-0.7,phase-two-measurement-0.1,phase-two-spatial-0.7,True,reflective,,12,0,0.758067,,0.0,0.0,0,0.0,True,False,20740.857143,263.285714,-1e-10,,0,0,0.0,0.0,,,,2000,0,12,24,24,0,3,0,0,1662,0,0,0,0,0.0,0,500,-1e-10
large_world,,9,32b5358b05a210d1,phase-two-vm-0.7,phase-two-measurement-0.1,phase-two-spatial-0.7,True,reflective,,13,0,0.615727,,0.0,0.0,0,0.0,True,False,20659.0,267.142857,-1e-10,,0,0,0.0,0.0,,,,2000,0,13,25,24,0,2,0,0,1533,1,0,0,0,0.0,0,500,-1e-10
large_world,,10,63f8e99ea8c3fde3,phase-two-vm-0.7,phase-two-measurement-0.1,phase-two-spatial-0.7,True,reflective,,12,0,0.658624,,0.0,0.0,0,0.0,True,False,20651.142857,269.0,-1e-10,,0,0,0.0,0.0,,,,2000,0,12,24,24,0,1,0,0,1512,0,0,0,0,0.0,0,500,-1e-10
large_world,,11,f6e5602320d4aa69,phase-two-vm-0.7,phase-two-measurement-0.1,phase-two-spatial-0.7,True,reflective,,12,0,0.74345,,0.0,0.0,0,0.0,True,False,20651.142857,269.714286,-1e-10,,0,0,0.0,0.0,,,,2000,0,12,24,24,0,1,0,0,1512,0,0,0,0,0.0,0,500,-1e-10
large_world,,12,15f276c2772cd0b5,phase-two-vm-0.7,phase-two-measurement-0.1,phase-two-spatial-0.7,True,reflective,,12,0,0.696759,,0.0,0.0,0,0.0,True,False,20622.714286,236.0,-1e-10,,0,0,0.0,0.0,,,,2000,0,12,24,24,0,3,0,0,1511,1,0,0,0,0.0,0,500,-1e-10
large_world,,13,762bc5d9b17769aa,phase-two-vm-0.7,phase-two-measurement-0.1,phase-two-spatial-0.7,True,reflective,,13,0,0.666755,,0.0,0.0,0,0.0,True,False,20721.285714,265.285714,-1e-10,,0,0,0.0,0.0,,,,2000,0,13,25,24,0,4,0,0,1469,3,0,0,0,0.0,0,500,-1e-10
large_world,,14,b72876ae045a908a,phase-two-vm-0.7,phase-two-measurement-0.1,phase-two-spatial-0.7,True,reflective,,14,0,0.743214,,0.0,0.0,0,0.0,True,False,20623.428571,236.142857,-1e-10,,0,0,0.0,0.0,,,,2000,0,14,26,24,0,3,0,0,1570,2,0,0,0,0.0,0,500,-1e-10
large_world,,15,810f408353ead541,phase-two-vm-0.7,phase-two-measurement-0.1,phase-two-spatial-0.7,True,reflective,,14,1,0.590094,,0.0,0.0,0,0.0,True,False,20778.714286,265.285714,-1e-10,,0,0,0.0,0.0,,,,2000,0,14,26,24,0,4,0,0,1544,3,0,0,0,0.0,0,500,-1e-10
large_world,,16,de7ca6de91d643bf,phase-two-vm-0.7,phase-two-measurement-0.1,phase-two-spatial-0.7,True,reflective,,12,0,0.793258,,0.0,0.0,0,0.0,True,False,20654.285714,269.0,-1e-10,,0,0,0.0,0.0,,,,2000,0,12,24,24,0,1,0,0,1512,0,0,0,0,0.0,0,500,-1e-10
large_world,,17,9ca3d283a3aeb186,phase-two-vm-0.7,phase-two-measurement-0.1,phase-two-spatial-0.7,True,reflective,,12,0,0.730326,,0.0,0.0,0,0.0,True,False,20644.0,263.285714,-1e-10,,0,0,0.0,0.0,,,,2000,0,12,24,24,0,2,0,0,1662,0,0,0,0,0.0,0,500,-1e-10
large_world,,18,ccb1f82e00157786,phase-two-vm-0.7,phase-two-measurement-0.1,phase-two-spatial-0.7,True,reflective,,12,0,0.703667,,0.0,0.0,0,0.0,True,False,20729.0,270.0,-1e-10,,0,0,0.0,0.0,,,,2000,0,12,24,24,0,1,0,0,1512,0,0,0,0,0.0,0,500,-1e-10
large_world,,19,f3122fd4da6623ae,phase-two-vm-0.7,phase-two-measurement-0.1,phase-two-spatial-0.7,True,reflective,,13,0,0.680688,,0.0,0.0,0,0.0,True,False,20604.714286,236.142857,-1e-10,,0,0,0.0,0.0,,,,2000,0,13,25,24,0,2,0,0,1554,1,0,0,0,0.0,0,500,-1e-10
large_world,,20,0fc0e5877fa7c121,phase-two-vm-0.7,phase-two-measurement-0.1,phase-two-spatial-0.7,True,reflective,,13,0,0.654999,,0.0,0.0,0,0.0,True,False,20618.428571,236.142857,-1e-10,,0,0,0.0,0.0,,,,2000,0,13,25,24,0,3,0,0,1535,2,0,0,0,0.0,0,500,-1e-10
large_world,,21,473cc06790d65ede,phase-two-vm-0.7,phase-two-measurement-0.1,phase-two-spatial-0.7,True,reflective,,12,1,0.529737,,0.0,0.0,0,0.0,True,False,20693.0,269.285714,-1e-10,,0,0,0.0,0.0,,,,2000,0,12,24,24,0,1,0,0,1512,0,0,0,0,0.0,0,500,-1e-10
large_world,,22,dff754de5263d42f,phase-two-vm-0.7,phase-two-measurement-0.1,phase-two-spatial-0.7,True,reflective,,14,0,0.491042,,0.0,0.0,0,0.0,True,False,20663.714286,247.857143,-1e-10,,0,0,0.0,0.0,,,,2000,0,14,26,25,0,3,0,0,1535,1,0,0,0,0.0,0,500,-1e-10
large_world,,23,2323fc909a91e5d4,phase-two-vm-0.7,phase-two-measurement-0.1,phase-two-spatial-0.7,True,reflective,,12,0,0.644036,,0.0,0.0,0,0.0,True,False,20622.428571,236.0,-1e-10,,0,0,0.0,0.0,,,,2000,0,12,24,24,0,3,0,0,1511,1,0,0,0,0.0,0,500,-1e-10
large_world,,24,444a894e2edd4df8,phase-two-vm-0.7,phase-two-measurement-0.1,phase-two-spatial-0.7,True,reflective,,12,1,0.590491,,0.0,0.0,0,0.0,True,False,20761.428571,271.142857,-1e-10,,0,0,0.0,0.0,,,,2000,0,12,24,24,0,2,0,0,1512,1,0,0,0,0.0,0,500,-1e-10
large_world,,25,e6ef440cbf6bef5c,phase-two-vm-0.7,phase-two-measurement-0.1,phase-two-spatial-0.7,True,reflective,,12,0,0.693048,,0.0,0.0,0,0.0,True,False,20697.285714,270.0,-1e-10,,0,0,0.0,0.0,,,,2000,0,12,24,24,0,1,0,0,1512,0,0,0,0,0.0,0,500,-1e-10
large_world,,26,f4f8358cbc4f0601,phase-two-vm-0.7,phase-two-measurement-0.1,phase-two-spatial-0.7,True,reflective,,12,0,0.642483,,0.0,0.0,0,0.0,True,False,20653.714286,264.0,-1e-10,,0,0,0.0,0.0,,,,2000,0,12,24,24,0,3,0,0,1622,0,0,0,0,0.0,0,500,-1e-10
large_world,,27,761b6a7197a19c67,phase-two-vm-0.7,phase-two-measurement-0.1,phase-two-spatial-0.7,True,reflective,,12,0,0.65284,,0.0,0.0,0,0.0,True,False,20617.0,233.142857,-1e-10,,0,0,0.0,0.0,,,,2000,0,12,24,24,0,2,0,0,1496,1,0,0,0,0.0,0,500,-1e-10
large_world,,28,73bea2c5050429f3,phase-two-vm-0.7,phase-two-measurement-0.1,phase-two-spatial-0.7,True,reflective,,12,0,0.693698,,0.0,0.0,0,0.0,True,False,20620.857143,235.285714,-1e-10,,0,0,0.0,0.0,,,,2000,0,12,24,24,0,2,0,0,1509,1,0,0,0,0.0,0,500,-1e-10
large_world,,29,6883c8988572f077,phase-two-vm-0.7,phase-two-measurement-0.1,phase-two-spatial-0.7,True,reflective,,13,0,0.804202,,0.0,0.0,0,0.0,True,False,20719.571429,265.285714,-1e-10,,0,0,0.0,0.0,,,,2000,0,13,25,24,0,3,0,0,1490,2,0,0,0,0.0,0,500,-1e-10
large_world,,30,ba19aae88484fc0d,phase-two-vm-0.7,phase-two-measurement-0.1,phase-two-spatial-0.7,True,reflective,,12,0,0.736696,,0.0,0.0,0,0.0,True,False,20609.857143,236.0,-1e-10,,0,0,0.0,0.0,,,,2000,0,12,24,24,0,3,0,0,1661,1,0,0,0,0.0,0,500,-1e-10
reflective_boundary,,1,f284b2fc891515fa,phase-two-vm-0.7,phase-two-measurement-0.1,phase-two-spatial-0.7,True,reflective,,15,0,0.624375,,0.0,0.0,0,0.0,True,False,20524.892857,236.142857,-2e-10,,0,0,0.0,0.0,,,,2000,0,15,27,25,0,4,0,0,1607,3,0,0,0,0.0,0,500,-1e-10
reflective_boundary,,2,b1e328a157116f1f,phase-two-vm-0.7,phase-two-measurement-0.1,phase-two-spatial-0.7,True,reflective,,12,0,0.644547,,0.0,0.0,0,0.0,True,False,20726.571429,270.0,-1e-10,,0,0,0.0,0.0,,,,2000,0,12,24,24,0,2,0,0,1512,0,0,0,0,0.0,0,500,-1e-10
reflective_boundary,,3,8a599a24ddf60412,phase-two-vm-0.7,phase-two-measurement-0.1,phase-two-spatial-0.7,True,reflective,,12,0,0.643361,,0.0,0.0,0,0.0,True,False,20687.0,264.285714,-1e-10,,0,0,0.0,0.0,,,,2000,0,12,24,24,0,2,0,0,1662,0,0,0,0,0.0,0,500,-1e-10
reflective_boundary,,4,894045741a882a76,phase-two-vm-0.7,phase-two-measurement-0.1,phase-two-spatial-0.7,True,reflective,,13,0,0.643262,,0.0,0.0,0,0.0,True,False,20613.0,253.571429,-1e-10,,0,0,0.0,0.0,,,,2000,0,13,25,25,0,1,0,0,1554,0,0,0,0,0.0,0,500,-1e-10
reflective_boundary,,5,31e20c1a15c540d2,phase-two-vm-0.7,phase-two-measurement-0.1,phase-two-spatial-0.7,True,reflective,,14,0,0.654231,,0.0,0.0,0,0.0,True,False,20572.428571,247.857143,-1e-10,,0,0,0.0,0.0,,,,2000,0,14,26,26,0,1,0,0,1596,0,0,0,0,0.0,0,500,-1e-10
reflective_boundary,,6,31c3f3d57d824542,phase-two-vm-0.7,phase-two-measurement-0.1,phase-two-spatial-0.7,True,reflective,,13,1,0.833476,,0.0,0.0,0,0.0,True,False,20597.571429,247.857143,-1e-10,,0,0,0.0,0.0,,,,2000,0,13,25,25,0,1,0,0,1554,0,0,0,0,0.0,0,500,-1e-10
reflective_boundary,,7,1a038b3f3d605adc,phase-two-vm-0.7,phase-two-measurement-0.1,phase-two-spatial-0.7,True,reflective,,12,0,0.678777,,0.0,0.0,0,0.0,True,False,20725.428571,269.714286,-1e-10,,0,0,0.0,0.0,,,,2000,0,12,24,24,0,2,0,0,1477,1,0,0,0,0.0,0,500,-1e-10
reflective_boundary,,8,9eef12943e8e7299,phase-two-vm-0.7,phase-two-measurement-0.1,phase-two-spatial-0.7,True,reflective,,12,0,0.758067,,0.0,0.0,0,0.0,True,False,20740.857143,263.285714,-1e-10,,0,0,0.0,0.0,,,,2000,0,12,24,24,0,3,0,0,1662,0,0,0,0,0.0,0,500,-1e-10
reflective_boundary,,9,ce13bc5f1252c76b,phase-two-vm-0.7,phase-two-measurement-0.1,phase-two-spatial-0.7,True,reflective,,13,0,0.615727,,0.0,0.0,0,0.0,True,False,20659.0,267.142857,-1e-10,,0,0,0.0,0.0,,,,2000,0,13,25,24,0,2,0,0,1533,1,0,0,0,0.0,0,500,-1e-10
reflective_boundary,,10,de621f3cb66b8178,phase-two-vm-0.7,phase-two-measurement-0.1,phase-two-spatial-0.7,True,reflective,,12,0,0.658624,,0.0,0.0,0,0.0,True,False,20651.142857,269.0,-1e-10,,0,0,0.0,0.0,,,,2000,0,12,24,24,0,1,0,0,1512,0,0,0,0,0.0,0,500,-1e-10
reflective_boundary,,11,00f301e457d22391,phase-two-vm-0.7,phase-two-measurement-0.1,phase-two-spatial-0.7,True,reflective,,12,0,0.74345,,0.0,0.0,0,0.0,True,False,20651.142857,269.714286,-1e-10,,0,0,0.0,0.0,,,,2000,0,12,24,24,0,1,0,0,1512,0,0,0,0,0.0,0,500,-1e-10
reflective_boundary,,12,10f02651f41ee2c4,phase-two-vm-0.7,phase-two-measurement-0.1,phase-two-spatial-0.7,True,reflective,,12,0,0.696759,,0.0,0.0,0,0.0,True,False,20622.714286,236.0,-1e-10,,0,0,0.0,0.0,,,,2000,0,12,24,24,0,3,0,0,1511,1,0,0,0,0.0,0,500,-1e-10
reflective_boundary,,13,d9fcd357ec8f8fd2,phase-two-vm-0.7,phase-two-measurement-0.1,phase-two-spatial-0.7,True,reflective,,14,0,0.676144,,0.0,0.0,0,0.0,True,False,20668.571429,236.142857,-2e-10,,0,0,0.0,0.0,,,,2000,0,14,26,24,0,5,0,0,1519,4,0,0,0,0.0,0,500,-1e-10
reflective_boundary,,14,446ee14d6266c016,phase-two-vm-0.7,phase-two-measurement-0.1,phase-two-spatial-0.7,True,reflective,,14,0,0.743214,,0.0,0.0,0,0.0,True,False,20623.428571,236.142857,-1e-10,,0,0,0.0,0.0,,,,2000,0,14,26,24,0,3,0,0,1570,2,0,0,0,0.0,0,500,-1e-10
reflective_boundary,,15,e6b10829ff49cd82,phase-two-vm-0.7,phase-two-measurement-0.1,phase-two-spatial-0.7,True,reflective,,15,1,0.581495,,0.0,0.0,0,0.0,True,False,20742.0,265.285714,-1e-10,,0,0,0.0,0.0,,,,2000,0,15,27,24,0,4,0,0,1586,3,0,0,0,0.0,0,500,-1e-10
reflective_boundary,,16,9ff254b3cf62ce86,phase-two-vm-0.7,phase-two-measurement-0.1,phase-two-spatial-0.7,True,reflective,,12,0,0.793258,,0.0,0.0,0,0.0,True,False,20654.285714,269.0,-1e-10,,0,0,0.0,0.0,,,,2000,0,12,24,24,0,1,0,0,1512,0,0,0,0,0.0,0,500,-1e-10
reflective_boundary,,17,60799b5a6362dd1b,phase-two-vm-0.7,phase-two-measurement-0.1,phase-two-spatial-0.7,True,reflective,,13,0,0.728461,,0.0,0.0,0,0.0,True,False,20587.142857,247.857143,-1e-10,,0,0,0.0,0.0,,,,2000,0,13,25,25,0,2,0,0,1704,0,0,0,0,0.0,0,500,-1e-10
reflective_boundary,,18,e5cb8b94f6e59c38,phase-two-vm-0.7,phase-two-measurement-0.1,phase-two-spatial-0.7,True,reflective,,12,0,0.703667,,0.0,0.0,0,0.0,True,False,20729.0,270.0,-1e-10,,0,0,0.0,0.0,,,,2000,0,12,24,24,0,1,0,0,1512,0,0,0,0,0.0,0,500,-1e-10
reflective_boundary,,19,4a50c7bdfbe8adf5,phase-two-vm-0.7,phase-two-measurement-0.1,phase-two-spatial-0.7,True,reflective,,14,0,0.679598,,0.0,0.0,0,0.0,True,False,20560.714286,236.142857,-1e-10,,0,0,0.0,0.0,,,,2000,0,14,26,25,0,2,0,0,1596,1,0,0,0,0.0,0,500,-1e-10
reflective_boundary,,20,67afb6481b87c222,phase-two-vm-0.7,phase-two-measurement-0.1,phase-two-spatial-0.7,True,reflective,,14,0,0.654985,,0.0,0.0,0,0.0,True,False,20593.285714,236.142857,-1e-10,,0,0,0.0,0.0,,,,2000,0,14,26,24,0,3,0,0,1577,2,0,0,0,0.0,0,500,-1e-10
reflective_boundary,,21,ec11cccadaf8601b,phase-two-vm-0.7,phase-two-measurement-0.1,phase-two-spatial-0.7,True,reflective,,12,1,0.50358,,0.0,0.0,0,0.0,True,False,20693.0,269.285714,-1e-10,,0,0,0.0,0.0,,,,2000,0,12,24,24,0,1,0,0,1512,0,0,0,0,0.0,0,500,-1e-10
reflective_boundary,,22,5e16905aecebd57f,phase-two-vm-0.7,phase-two-measurement-0.1,phase-two-spatial-0.7,True,reflective,,14,0,0.491042,,0.0,0.0,0,0.0,True,False,20663.714286,247.857143,-1e-10,,0,0,0.0,0.0,,,,2000,0,14,26,25,0,3,0,0,1535,1,0,0,0,0.0,0,500,-1e-10
reflective_boundary,,23,f4daa24158380171,phase-two-vm-0.7,phase-two-measurement-0.1,phase-two-spatial-0.7,True,reflective,,12,0,0.644036,,0.0,0.0,0,0.0,True,False,20622.428571,236.0,-1e-10,,0,0,0.0,0.0,,,,2000,0,12,24,24,0,3,0,0,1511,1,0,0,0,0.0,0,500,-1e-10
reflective_boundary,,24,45314d2b834d57cf,phase-two-vm-0.7,phase-two-measurement-0.1,phase-two-spatial-0.7,True,reflective,,13,1,0.605149,,0.0,0.0,0,0.0,True,False,20701.285714,247.857143,-1e-10,,0,0,0.0,0.0,,,,2000,0,13,25,24,0,2,0,0,1554,1,0,0,0,0.0,0,500,-1e-10
reflective_boundary,,25,8cbf120d36b9fa7c,phase-two-vm-0.7,phase-two-measurement-0.1,phase-two-spatial-0.7,True,reflective,,12,0,0.693048,,0.0,0.0,0,0.0,True,False,20697.285714,270.0,-1e-10,,0,0,0.0,0.0,,,,2000,0,12,24,24,0,1,0,0,1512,0,0,0,0,0.0,0,500,-1e-10
reflective_boundary,,26,a526f9228ea9baf9,phase-two-vm-0.7,phase-two-measurement-0.1,phase-two-spatial-0.7,True,reflective,,12,0,0.642483,,0.0,0.0,0,0.0,True,False,20624.571429,247.857143,-1e-10,,0,0,0.0,0.0,,,,2000,0,12,24,24,0,3,0,0,1622,0,0,0,0,0.0,0,500,-1e-10
reflective_boundary,,27,82b24c1e4d6f95c9,phase-two-vm-0.7,phase-two-measurement-0.1,phase-two-spatial-0.7,True,reflective,,12,0,0.65284,,0.0,0.0,0,0.0,True,False,20617.0,233.142857,-1e-10,,0,0,0.0,0.0,,,,2000,0,12,24,24,0,2,0,0,1496,1,0,0,0,0.0,0,500,-1e-10
reflective_boundary,,28,bc9722d9149ea780,phase-two-vm-0.7,phase-two-measurement-0.1,phase-two-spatial-0.7,True,reflective,,12,0,0.693698,,0.0,0.0,0,0.0,True,False,20633.285714,247.857143,-1e-10,,0,0,0.0,0.0,,,,2000,0,12,24,24,0,2,0,0,1509,1,0,0,0,0.0,0,500,-1e-10
reflective_boundary,,29,772fc1c32455b82e,phase-two-vm-0.7,phase-two-measurement-0.1,phase-two-spatial-0.7,True,reflective,,14,0,0.791377,,0.0,0.0,0,0.0,True,False,20689.571429,256.142857,-1e-10,,0,0,0.0,0.0,,,,2000,0,14,26,24,0,3,0,0,1540,2,0,0,0,0.0,0,500,-1e-10
reflective_boundary,,30,88f84a5b2a7fffd3,phase-two-vm-0.7,phase-two-measurement-0.1,phase-two-spatial-0.7,True,reflective,,12,0,0.736696,,0.0,0.0,0,0.0,True,False,20609.857143,236.0,-1e-10,,0,0,0.0,0.0,,,,2000,0,12,24,24,0,3,0,0,1661,1,0,0,0,0.0,0,500,-1e-10
toroidal_boundary,,1,084a732eeeacffe8,phase-two-vm-0.7,phase-two-measurement-0.1,phase-two-spatial-0.7,True,toroidal,,15,0,0.624375,,0.0,0.0,0,0.0,True,False,20524.892857,236.142857,-2e-10,,0,0,0.0,0.0,,,,2000,0,15,27,25,0,4,0,0,1607,3,0,0,0,0.0,0,500,-1e-10
toroidal_boundary,,2,1cb79a10b5adfd01,phase-two-vm-0.7,phase-two-measurement-0.1,phase-two-spatial-0.7,True,toroidal,,12,0,0.644547,,0.0,0.0,0,0.0,True,False,20726.571429,270.0,-1e-10,,0,0,0.0,0.0,,,,2000,0,12,24,24,0,2,0,0,1512,0,0,0,0,0.0,0,500,-1e-10
toroidal_boundary,,3,53f8c25f3276f100,phase-two-vm-0.7,phase-two-measurement-0.1,phase-two-spatial-0.7,True,toroidal,,12,0,0.643361,,0.0,0.0,0,0.0,True,False,20687.0,264.285714,-1e-10,,0,0,0.0,0.0,,,,2000,0,12,24,24,0,2,0,0,1662,0,0,0,0,0.0,0,500,-1e-10
toroidal_boundary,,4,f530a1fa9a6242e9,phase-two-vm-0.7,phase-two-measurement-0.1,phase-two-spatial-0.7,True,toroidal,,13,0,0.643262,,0.0,0.0,0,0.0,True,False,20613.0,253.571429,-1e-10,,0,0,0.0,0.0,,,,2000,0,13,25,25,0,1,0,0,1554,0,0,0,0,0.0,0,500,-1e-10
toroidal_boundary,,5,fa94e4db96921e51,phase-two-vm-0.7,phase-two-measurement-0.1,phase-two-spatial-0.7,True,toroidal,,14,0,0.654231,,0.0,0.0,0,0.0,True,False,20572.428571,247.857143,-1e-10,,0,0,0.0,0.0,,,,2000,0,14,26,26,0,1,0,0,1596,0,0,0,0,0.0,0,500,-1e-10
toroidal_boundary,,6,66966d883bdf0ea8,phase-two-vm-0.7,phase-two-measurement-0.1,phase-two-spatial-0.7,True,toroidal,,14,1,0.797772,,0.0,0.0,0,0.0,True,False,20539.285714,247.857143,-1e-10,,0,0,0.0,0.0,,,,2000,0,14,26,26,0,1,0,0,1596,0,0,0,0,0.0,0,500,-1e-10
toroidal_boundary,,7,697d46c4ff4d4713,phase-two-vm-0.7,phase-two-measurement-0.1,phase-two-spatial-0.7,True,toroidal,,12,0,0.678777,,0.0,0.0,0,0.0,True,False,20725.428571,269.714286,-1e-10,,0,0,0.0,0.0,,,,2000,0,12,24,24,0,2,0,0,1477,1,0,0,0,0.0,0,500,-1e-10
toroidal_boundary,,8,a97e2b0013b6ae9b,phase-two-vm-0.7,phase-two-measurement-0.1,phase-two-spatial-0.7,True,toroidal,,12,0,0.758067,,0.0,0.0,0,0.0,True,False,20740.857143,263.285714,-1e-10,,0,0,0.0,0.0,,,,2000,0,12,24,24,0,3,0,0,1662,0,0,0,0,0.0,0,500,-1e-10
toroidal_boundary,,9,0d5ce3f0590f3f76,phase-two-vm-0.7,phase-two-measurement-0.1,phase-two-spatial-0.7,True,toroidal,,13,0,0.615727,,0.0,0.0,0,0.0,True,False,20659.0,267.142857,-1e-10,,0,0,0.0,0.0,,,,2000,0,13,25,24,0,2,0,0,1533,1,0,0,0,0.0,0,500,-1e-10
toroidal_boundary,,10,b7068b45ae8a5264,phase-two-vm-0.7,phase-two-measurement-0.1,phase-two-spatial-0.7,True,toroidal,,12,0,0.658624,,0.0,0.0,0,0.0,True,False,20651.142857,269.0,-1e-10,,0,0,0.0,0.0,,,,2000,0,12,24,24,0,1,0,0,1512,0,0,0,0,0.0,0,500,-1e-10
toroidal_boundary,,11,de8026db36a60dae,phase-two-vm-0.7,phase-two-measurement-0.1,phase-two-spatial-0.7,True,toroidal,,12,0,0.74345,,0.0,0.0,0,0.0,True,False,20651.142857,269.714286,-1e-10,,0,0,0.0,0.0,,,,2000,0,12,24,24,0,1,0,0,1512,0,0,0,0,0.0,0,500,-1e-10
toroidal_boundary,,12,6a3c0a92fc110261,phase-two-vm-0.7,phase-two-measurement-0.1,phase-two-spatial-0.7,True,toroidal,,12,0,0.696759,,0.0,0.0,0,0.0,True,False,20622.714286,236.0,-1e-10,,0,0,0.0,0.0,,,,2000,0,12,24,24,0,3,0,0,1511,1,0,0,0,0.0,0,500,-1e-10
toroidal_boundary,,13,369984184d956a86,phase-two-vm-0.7,phase-two-measurement-0.1,phase-two-spatial-0.7,True,toroidal,,14,0,0.676144,,0.0,0.0,0,0.0,True,False,20668.571429,236.142857,-2e-10,,0,0,0.0,0.0,,,,2000,0,14,26,24,0,5,0,0,1519,4,0,0,0,0.0,0,500,-1e-10
toroidal_boundary,,14,ff4c6fdd2980fc33,phase-two-vm-0.7,phase-two-measurement-0.1,phase-two-spatial-0.7,True,toroidal,,14,0,0.743214,,0.0,0.0,0,0.0,True,False,20623.428571,236.142857,-1e-10,,0,0,0.0,0.0,,,,2000,0,14,26,24,0,3,0,0,1570,2,0,0,0,0.0,0,500,-1e-10
toroidal_boundary,,15,a393144082fcdf33,phase-two-vm-0.7,phase-two-measurement-0.1,phase-two-spatial-0.7,True,toroidal,,16,1,0.589243,,0.0,0.0,0,0.0,True,False,20713.0,265.285714,-1e-10,,0,0,0.0,0.0,,,,2000,0,16,28,25,0,4,0,0,1620,3,0,0,0,0.0,0,500,-1e-10
toroidal_boundary,,16,056af080685e3cec,phase-two-vm-0.7,phase-two-measurement-0.1,phase-two-spatial-0.7,True,toroidal,,12,0,0.793258,,0.0,0.0,0,0.0,True,False,20654.285714,269.0,-1e-10,,0,0,0.0,0.0,,,,2000,0,12,24,24,0,1,0,0,1512,0,0,0,0,0.0,0,500,-1e-10
toroidal_boundary,,17,ddca7b4eac3592c5,phase-two-vm-0.7,phase-two-measurement-0.1,phase-two-spatial-0.7,True,toroidal,,13,0,0.728461,,0.0,0.0,0,0.0,True,False,20587.142857,247.857143,-1e-10,,0,0,0.0,0.0,,,,2000,0,13,25,25,0,2,0,0,1704,0,0,0,0,0.0,0,500,-1e-10
toroidal_boundary,,18,72694f43c6896b55,phase-two-vm-0.7,phase-two-measurement-0.1,phase-two-spatial-0.7,True,toroidal,,12,0,0.703667,,0.0,0.0,0,0.0,True,False,20729.0,270.0,-1e-10,,0,0,0.0,0.0,,,,2000,0,12,24,24,0,1,0,0,1512,0,0,0,0,0.0,0,500,-1e-10
toroidal_boundary,,19,c59742e97563907a,phase-two-vm-0.7,phase-two-measurement-0.1,phase-two-spatial-0.7,True,toroidal,,14,0,0.679598,,0.0,0.0,0,0.0,True,False,20560.714286,236.142857,-1e-10,,0,0,0.0,0.0,,,,2000,0,14,26,25,0,2,0,0,1596,1,0,0,0,0.0,0,500,-1e-10
toroidal_boundary,,20,da0f60d5c83745ac,phase-two-vm-0.7,phase-two-measurement-0.1,phase-two-spatial-0.7,True,toroidal,,14,0,0.654985,,0.0,0.0,0,0.0,True,False,20593.285714,236.142857,-1e-10,,0,0,0.0,0.0,,,,2000,0,14,26,24,0,3,0,0,1577,2,0,0,0,0.0,0,500,-1e-10
toroidal_boundary,,21,825d19442cad3539,phase-two-vm-0.7,phase-two-measurement-0.1,phase-two-spatial-0.7,True,toroidal,,13,1,0.541128,,0.0,0.0,0,0.0,True,False,20637.857143,247.857143,-1e-10,,0,0,0.0,0.0,,,,2000,0,13,25,25,0,1,0,0,1554,0,0,0,0,0.0,0,500,-1e-10
toroidal_boundary,,22,838487ed640fe446,phase-two-vm-0.7,phase-two-measurement-0.1,phase-two-spatial-0.7,True,toroidal,,14,0,0.491042,,0.0,0.0,0,0.0,True,False,20663.714286,247.857143,-1e-10,,0,0,0.0,0.0,,,,2000,0,14,26,25,0,3,0,0,1535,1,0,0,0,0.0,0,500,-1e-10
toroidal_boundary,,23,4b77db27cc71e5b6,phase-two-vm-0.7,phase-two-measurement-0.1,phase-two-spatial-0.7,True,toroidal,,12,0,0.644036,,0.0,0.0,0,0.0,True,False,20622.428571,236.0,-1e-10,,0,0,0.0,0.0,,,,2000,0,12,24,24,0,3,0,0,1511,1,0,0,0,0.0,0,500,-1e-10
toroidal_boundary,,24,ff68668f1931824d,phase-two-vm-0.7,phase-two-measurement-0.1,phase-two-spatial-0.7,True,toroidal,,14,1,0.641268,,0.0,0.0,0,0.0,True,False,20666.714286,247.857143,-1e-10,,0,0,0.0,0.0,,,,2000,0,14,26,25,0,2,0,0,1596,1,0,0,0,0.0,0,500,-1e-10
toroidal_boundary,,25,9f1cf747b69c6635,phase-two-vm-0.7,phase-two-measurement-0.1,phase-two-spatial-0.7,True,toroidal,,12,0,0.693048,,0.0,0.0,0,0.0,True,False,20697.285714,270.0,-1e-10,,0,0,0.0,0.0,,,,2000,0,12,24,24,0,1,0,0,1512,0,0,0,0,0.0,0,500,-1e-10
toroidal_boundary,,26,8f5e0ca2ec1afcbd,phase-two-vm-0.7,phase-two-measurement-0.1,phase-two-spatial-0.7,True,toroidal,,12,0,0.642483,,0.0,0.0,0,0.0,True,False,20624.571429,247.857143,-1e-10,,0,0,0.0,0.0,,,,2000,0,12,24,24,0,3,0,0,1622,0,0,0,0,0.0,0,500,-1e-10
toroidal_boundary,,27,b8c6363fdea4c2a0,phase-two-vm-0.7,phase-two-measurement-0.1,phase-two-spatial-0.7,True,toroidal,,12,0,0.65284,,0.0,0.0,0,0.0,True,False,20617.0,233.142857,-1e-10,,0,0,0.0,0.0,,,,2000,0,12,24,24,0,2,0,0,1496,1,0,0,0,0.0,0,500,-1e-10
toroidal_boundary,,28,62266caff45416cf,phase-two-vm-0.7,phase-two-measurement-0.1,phase-two-spatial-0.7,True,toroidal,,12,0,0.693698,,0.0,0.0,0,0.0,True,False,20633.285714,247.857143,-1e-10,,0,0,0.0,0.0,,,,2000,0,12,24,24,0,2,0,0,1509,1,0,0,0,0.0,0,500,-1e-10
toroidal_boundary,,29,3df3d4b7f5fe0ace,phase-two-vm-0.7,phase-two-measurement-0.1,phase-two-spatial-0.7,True,toroidal,,14,0,0.791377,,0.0,0.0,0,0.0,True,False,20689.571429,256.142857,-1e-10,,0,0,0.0,0.0,,,,2000,0,14,26,24,0,3,0,0,1540,2,0,0,0,0.0,0,500,-1e-10
toroidal_boundary,,30,4f9c584a5481d47a,phase-two-vm-0.7,phase-two-measurement-0.1,phase-two-spatial-0.7,True,toroidal,,12,0,0.736696,,0.0,0.0,0,0.0,True,False,20609.857143,236.0,-1e-10,,0,0,0.0,0.0,,,,2000,0,12,24,24,0,3,0,0,1661,1,0,0,0,0.0,0,500,-1e-10
movement_cost_zero,,1,cab5edf16376d831,phase-two-vm-0.7,phase-two-measurement-0.1,phase-two-spatial-0.7,True,reflective,,15,0,0.624375,,0.0,0.0,0,0.0,True,True,20524.8,236.142857,-2e-10,,0,8,0.0,0.0,,,,2000,0,15,27,25,0,4,0,0,1606,3,0,0,0,0.0,0,500,-1e-10
movement_cost_zero,,2,98c8b43a789760b5,phase-two-vm-0.7,phase-two-measurement-0.1,phase-two-spatial-0.7,True,reflective,,12,0,0.644547,,0.0,0.0,0,0.0,True,True,20726.571429,270.0,-1e-10,,0,0,0.0,0.0,,,,2000,0,12,24,24,0,2,0,0,1512,0,0,0,0,0.0,0,500,-1e-10
movement_cost_zero,,3,9dfe550ec66a7c76,phase-two-vm-0.7,phase-two-measurement-0.1,phase-two-spatial-0.7,True,reflective,,12,0,0.643361,,0.0,0.0,0,0.0,True,True,20657.714286,236.0,-1e-10,,0,8,0.0,0.0,,,,2000,0,12,24,24,0,2,0,0,1511,1,0,0,0,0.0,0,500,-1e-10
movement_cost_zero,,4,42183a3e3b86471b,phase-two-vm-0.7,phase-two-measurement-0.1,phase-two-spatial-0.7,True,reflective,,13,0,0.643262,,0.0,0.0,0,0.0,True,True,20615.571429,253.571429,-1e-10,,0,0,0.0,0.0,,,,2000,0,13,25,25,0,1,0,0,1554,0,0,0,0,0.0,0,500,-1e-10
movement_cost_zero,,5,30ca47525abe0092,phase-two-vm-0.7,phase-two-measurement-0.1,phase-two-spatial-0.7,True,reflective,,14,0,0.654231,,0.0,0.0,0,0.0,True,True,20572.428571,247.857143,-1e-10,,0,0,0.0,0.0,,,,2000,0,14,26,26,0,1,0,0,1596,0,0,0,0,0.0,0,500,-1e-10
movement_cost_zero,,6,276d714aa22246b8,phase-two-vm-0.7,phase-two-measurement-0.1,phase-two-spatial-0.7,True,reflective,,13,1,0.833476,,0.0,0.0,0,0.0,True,True,20596.142857,247.857143,-1e-10,,0,0,0.0,0.0,,,,2000,0,13,25,25,0,1,0,0,1554,0,0,0,0,0.0,0,500,-1e-10
movement_cost_zero,,7,b00b53eae1a743d4,phase-two-vm-0.7,phase-two-measurement-0.1,phase-two-spatial-0.7,True,reflective,,12,0,0.678777,,0.0,0.0,0,0.0,True,True,20725.428571,269.714286,-1e-10,,0,0,0.0,0.0,,,,2000,0,12,24,24,0,2,0,0,1477,1,0,0,0,0.0,0,500,-1e-10
movement_cost_zero,,8,6362f48fa8258a54,phase-two-vm-0.7,phase-two-measurement-0.1,phase-two-spatial-0.7,True,reflective,,12,0,0.758067,,0.0,0.0,0,0.0,True,True,20744.285714,263.285714,-1e-10,,0,1,0.0,0.0,,,,2000,0,12,24,24,0,4,0,0,1812,0,0,0,0,0.0,0,500,-1e-10
movement_cost_zero,,9,b46c3d07e780e419,phase-two-vm-0.7,phase-two-measurement-0.1,phase-two-spatial-0.7,True,reflective,,13,0,0.615727,,0.0,0.0,0,0.0,True,True,20659.0,267.142857,-1e-10,,0,0,0.0,0.0,,,,2000,0,13,25,24,0,2,0,0,1533,1,0,0,0,0.0,0,500,-1e-10
movement_cost_zero,,10,8fb98a5e592cb6aa,phase-two-vm-0.7,phase-two-measurement-0.1,phase-two-spatial-0.7,True,reflective,,12,0,0.658624,,0.0,0.0,0,0.0,True,True,20651.142857,269.0,-1e-10,,0,0,0.0,0.0,,,,2000,0,12,24,24,0,1,0,0,1512,0,0,0,0,0.0,0,500,-1e-10
movement_cost_zero,,11,ea544c4f48593a94,phase-two-vm-0.7,phase-two-measurement-0.1,phase-two-spatial-0.7,True,reflective,,12,0,0.74345,,0.0,0.0,0,0.0,True,True,20651.142857,269.714286,-1e-10,,0,0,0.0,0.0,,,,2000,0,12,24,24,0,1,0,0,1512,0,0,0,0,0.0,0,500,-1e-10
movement_cost_zero,,12,da3887be4fc45ed7,phase-two-vm-0.7,phase-two-measurement-0.1,phase-two-spatial-0.7,True,reflective,,12,0,0.696759,,0.0,0.0,0,0.0,True,True,20622.714286,236.0,-1e-10,,0,0,0.0,0.0,,,,2000,0,12,24,24,0,3,0,0,1511,1,0,0,0,0.0,0,500,-1e-10
movement_cost_zero,,13,cecfe0ab285e88f7,phase-two-vm-0.7,phase-two-measurement-0.1,phase-two-spatial-0.7,True,reflective,,14,0,0.676144,,0.0,0.0,0,0.0,True,True,20710.557143,258.571429,-1e-10,,1,1,0.0,0.0,,,,2000,0,14,26,24,0,4,0,0,1527,3,0,0,0,0.0,0,500,-1e-10
movement_cost_zero,,14,3294c04c2898bbbe,phase-two-vm-0.7,phase-two-measurement-0.1,phase-two-spatial-0.7,True,reflective,,14,0,0.743214,,0.0,0.0,0,0.0,True,True,20623.428571,236.142857,-1e-10,,0,0,0.0,0.0,,,,2000,0,14,26,24,0,3,0,0,1570,2,0,0,0,0.0,0,500,-1e-10
movement_cost_zero,,15,0409d90dbede842b,phase-two-vm-0.7,phase-two-measurement-0.1,phase-two-spatial-0.7,True,reflective,,15,1,0.581495,,0.0,0.0,0,0.0,True,True,20764.321429,266.428571,-1e-10,,1,0,0.0,0.0,,,,2000,0,15,27,24,0,5,0,0,1549,4,0,0,0,0.0,0,500,-1e-10
movement_cost_zero,,16,d473cf7d64feab3f,phase-two-vm-0.7,phase-two-measurement-0.1,phase-two-spatial-0.7,True,reflective,,12,0,0.793258,,0.0,0.0,0,0.0,True,True,20656.285714,269.0,-1e-10,,0,0,0.0,0.0,,,,2000,0,12,24,24,0,1,0,0,1512,0,0,0,0,0.0,0,500,-1e-10
movement_cost_zero,,17,415939ad0a69f604,phase-two-vm-0.7,phase-two-measurement-0.1,phase-two-spatial-0.7,True,reflective,,13,0,0.728461,,0.0,0.0,0,0.0,True,True,20563.428571,234.857143,-1e-10,,7,0,0.0,0.0,,,,2000,0,13,25,24,0,2,0,0,1548,1,0,0,0,0.0,0,500,-1e-10
movement_cost_zero,,18,690bad4797cac8ba,phase-two-vm-0.7,phase-two-measurement-0.1,phase-two-spatial-0.7,True,reflective,,12,0,0.703667,,0.0,0.0,0,0.0,True,True,20729.0,270.0,-1e-10,,0,0,0.0,0.0,,,,2000,0,12,24,24,0,1,0,0,1512,0,0,0,0,0.0,0,500,-1e-10
movement_cost_zero,,19,d9218150c01c1bbb,phase-two-vm-0.7,phase-two-measurement-0.1,phase-two-spatial-0.7,True,reflective,,14,0,0.679598,,0.0,0.0,0,0.0,True,True,20560.714286,236.142857,-1e-10,,0,0,0.0,0.0,,,,2000,0,14,26,25,0,2,0,0,1596,1,0,0,0,0.0,0,500,-1e-10
movement_cost_zero,,20,818da41ff49cb38c,phase-two-vm-0.7,phase-two-measurement-0.1,phase-two-spatial-0.7,True,reflective,,14,0,0.654985,,0.0,0.0,0,0.0,True,True,20593.285714,236.142857,-1e-10,,0,0,0.0,0.0,,,,2000,0,14,26,24,0,3,0,0,1577,2,0,0,0,0.0,0,500,-1e-10
movement_cost_zero,,21,acb757bd5bb9a7a3,phase-two-vm-0.7,phase-two-measurement-0.1,phase-two-spatial-0.7,True,reflective,,12,1,0.50358,,0.0,0.0,0,0.0,True,True,20693.0,269.285714,-1e-10,,0,0,0.0,0.0,,,,2000,0,12,24,24,0,1,0,0,1512,0,0,0,0,0.0,0,500,-1e-10
movement_cost_zero,,22,38dfa4fd0786aba8,phase-two-vm-0.7,phase-two-measurement-0.1,phase-two-spatial-0.7,True,reflective,,14,0,0.491042,,0.0,0.0,0,0.0,True,True,20663.714286,247.857143,-1e-10,,0,0,0.0,0.0,,,,2000,0,14,26,25,0,3,0,0,1535,1,0,0,0,0.0,0,500,-1e-10
movement_cost_zero,,23,c1d93dd363ced796,phase-two-vm-0.7,phase-two-measurement-0.1,phase-two-spatial-0.7,True,reflective,,12,0,0.644036,,0.0,0.0,0,0.0,True,True,20622.428571,236.0,-1e-10,,0,0,0.0,0.0,,,,2000,0,12,24,24,0,3,0,0,1511,1,0,0,0,0.0,0,500,-1e-10
movement_cost_zero,,24,3c17c31fd7f09325,phase-two-vm-0.7,phase-two-measurement-0.1,phase-two-spatial-0.7,True,reflective,,13,1,0.608855,,0.0,0.0,0,0.0,True,True,20698.142857,247.857143,-1e-10,,0,1,1.0,0.0,,,,2000,0,13,25,24,0,2,0,0,1554,1,0,0,0,0.0,0,500,-1e-10
movement_cost_zero,,25,f54f088927395ff0,phase-two-vm-0.7,phase-two-measurement-0.1,phase-two-spatial-0.7,True,reflective,,12,0,0.693048,,0.0,0.0,0,0.0,True,True,20697.285714,270.0,-1e-10,,0,0,0.0,0.0,,,,2000,0,12,24,24,0,1,0,0,1512,0,0,0,0,0.0,0,500,-1e-10
movement_cost_zero,,26,09cc0fe049638e69,phase-two-vm-0.7,phase-two-measurement-0.1,phase-two-spatial-0.7,True,reflective,,12,0,0.642483,,0.0,0.0,0,0.0,True,True,20636.571429,247.857143,-1e-10,,0,1,0.0,0.0,,,,2000,0,12,24,24,0,3,0,0,1662,0,0,0,0,0.0,0,500,-1e-10
movement_cost_zero,,27,ad636068d1ba44d1,phase-two-vm-0.7,phase-two-measurement-0.1,phase-two-spatial-0.7,True,reflective,,12,0,0.65284,,0.0,0.0,0,0.0,True,True,20617.0,233.142857,-1e-10,,0,0,0.0,0.0,,,,2000,0,12,24,24,0,2,0,0,1496,1,0,0,0,0.0,0,500,-1e-10
movement_cost_zero,,28,da8c11aaf89401a2,phase-two-vm-0.7,phase-two-measurement-0.1,phase-two-spatial-0.7,True,reflective,,12,0,0.693698,,0.0,0.0,0,0.0,True,True,20633.285714,247.857143,-1e-10,,0,0,0.0,0.0,,,,2000,0,12,24,24,0,2,0,0,1509,1,0,0,0,0.0,0,500,-1e-10
movement_cost_zero,,29,bbf9b616cd5333e9,phase-two-vm-0.7,phase-two-measurement-0.1,phase-two-spatial-0.7,True,reflective,,14,0,0.791377,,0.0,0.0,0,0.0,True,True,20689.571429,256.142857,-1e-10,,0,0,0.0,0.0,,,,2000,0,14,26,24,0,3,0,0,1540,2,0,0,0,0.0,0,500,-1e-10
movement_cost_zero,,30,02610f30184cda63,phase-two-vm-0.7,phase-two-measurement-0.1,phase-two-spatial-0.7,True,reflective,,12,0,0.736696,,0.0,0.0,0,0.0,True,True,20584.285714,234.857143,-2e-10,,1,1,0.0,0.0,,,,2000,0,12,24,24,0,5,0,0,1656,2,0,0,0,0.0,0,500,-1e-10
movement_cost_high,,1,5392c34cab2df2b9,phase-two-vm-0.7,phase-two-measurement-0.1,phase-two-spatial-0.7,True,reflective,,15,0,0.624375,,0.0,0.0,0,0.0,True,True,20524.8,236.142857,-2e-10,,0,8,0.0,0.0,,,,2000,0,15,27,25,0,4,0,0,1606,3,0,0,0,0.0,0,500,-1e-10
movement_cost_high,,2,cbbe4fb308ec8720,phase-two-vm-0.7,phase-two-measurement-0.1,phase-two-spatial-0.7,True,reflective,,12,0,0.644547,,0.0,0.0,0,0.0,True,True,20726.571429,270.0,-1e-10,,0,0,0.0,0.0,,,,2000,0,12,24,24,0,2,0,0,1512,0,0,0,0,0.0,0,500,-1e-10
movement_cost_high,,3,4fdad4dbc8a7af1b,phase-two-vm-0.7,phase-two-measurement-0.1,phase-two-spatial-0.7,True,reflective,,12,0,0.643361,,0.0,0.0,0,0.0,True,True,20657.714286,236.0,-1e-10,,0,8,0.0,0.0,,,,2000,0,12,24,24,0,2,0,0,1511,1,0,0,0,0.0,0,500,-1e-10
movement_cost_high,,4,12bced18f7c96bcb,phase-two-vm-0.7,phase-two-measurement-0.1,phase-two-spatial-0.7,True,reflective,,13,0,0.643262,,0.0,0.0,0,0.0,True,True,20615.571429,253.571429,-1e-10,,0,0,0.0,0.0,,,,2000,0,13,25,25,0,1,0,0,1554,0,0,0,0,0.0,0,500,-1e-10
movement_cost_high,,5,0d72cec40ad44360,phase-two-vm-0.7,phase-two-measurement-0.1,phase-two-spatial-0.7,True,reflective,,14,0,0.654231,,0.0,0.0,0,0.0,True,True,20572.428571,247.857143,-1e-10,,0,0,0.0,0.0,,,,2000,0,14,26,26,0,1,0,0,1596,0,0,0,0,0.0,0,500,-1e-10
movement_cost_high,,6,3e819fe33bd6c70a,phase-two-vm-0.7,phase-two-measurement-0.1,phase-two-spatial-0.7,True,reflective,,13,1,0.833476,,0.0,0.0,0,0.0,True,True,20596.142857,247.857143,-1e-10,,0,0,0.0,0.0,,,,2000,0,13,25,25,0,1,0,0,1554,0,0,0,0,0.0,0,500,-1e-10
movement_cost_high,,7,ce32ea4b349316fb,phase-two-vm-0.7,phase-two-measurement-0.1,phase-two-spatial-0.7,True,reflective,,12,0,0.678777,,0.0,0.0,0,0.0,True,True,20725.428571,269.714286,-1e-10,,0,0,0.0,0.0,,,,2000,0,12,24,24,0,2,0,0,1477,1,0,0,0,0.0,0,500,-1e-10
movement_cost_high,,8,ed8d5fa3988b57bd,phase-two-vm-0.7,phase-two-measurement-0.1,phase-two-spatial-0.7,True,reflective,,12,0,0.758067,,0.0,0.0,0,0.0,True,True,20744.285714,263.285714,-1e-10,,0,1,0.0,0.0,,,,2000,0,12,24,24,0,4,0,0,1812,0,0,0,0,0.0,0,500,-1e-10
movement_cost_high,,9,a91934a4eb2124b9,phase-two-vm-0.7,phase-two-measurement-0.1,phase-two-spatial-0.7,True,reflective,,13,0,0.615727,,0.0,0.0,0,0.0,True,True,20659.0,267.142857,-1e-10,,0,0,0.0,0.0,,,,2000,0,13,25,24,0,2,0,0,1533,1,0,0,0,0.0,0,500,-1e-10
movement_cost_high,,10,5ef4dd3726b43b4b,phase-two-vm-0.7,phase-two-measurement-0.1,phase-two-spatial-0.7,True,reflective,,12,0,0.658624,,0.0,0.0,0,0.0,True,True,20651.142857,269.0,-1e-10,,0,0,0.0,0.0,,,,2000,0,12,24,24,0,1,0,0,1512,0,0,0,0,0.0,0,500,-1e-10
movement_cost_high,,11,4202ed6d358cc460,phase-two-vm-0.7,phase-two-measurement-0.1,phase-two-spatial-0.7,True,reflective,,12,0,0.74345,,0.0,0.0,0,0.0,True,True,20651.142857,269.714286,-1e-10,,0,0,0.0,0.0,,,,2000,0,12,24,24,0,1,0,0,1512,0,0,0,0,0.0,0,500,-1e-10
movement_cost_high,,12,78aa951ddabf56ee,phase-two-vm-0.7,phase-two-measurement-0.1,phase-two-spatial-0.7,True,reflective,,12,0,0.696759,,0.0,0.0,0,0.0,True,True,20622.714286,236.0,-1e-10,,0,0,0.0,0.0,,,,2000,0,12,24,24,0,3,0,0,1511,1,0,0,0,0.0,0,500,-1e-10
movement_cost_high,,13,11713212e1406cb7,phase-two-vm-0.7,phase-two-measurement-0.1,phase-two-spatial-0.7,True,reflective,,14,0,0.676144,,0.0,0.0,0,0.0,True,True,20710.557143,258.571429,-1e-10,,1,1,0.0,0.0,,,,2000,0,14,26,24,0,4,0,0,1527,3,0,0,0,0.0,0,500,-1e-10
movement_cost_high,,14,5e828e0c8b529e02,phase-two-vm-0.7,phase-two-measurement-0.1,phase-two-spatial-0.7,True,reflective,,14,0,0.743214,,0.0,0.0,0,0.0,True,True,20623.428571,236.142857,-1e-10,,0,0,0.0,0.0,,,,2000,0,14,26,24,0,3,0,0,1570,2,0,0,0,0.0,0,500,-1e-10
movement_cost_high,,15,3522f9aa3b64aa9f,phase-two-vm-0.7,phase-two-measurement-0.1,phase-two-spatial-0.7,True,reflective,,15,1,0.581495,,0.0,0.0,0,0.0,True,True,20764.321429,266.428571,-1e-10,,1,0,0.0,0.0,,,,2000,0,15,27,24,0,5,0,0,1549,4,0,0,0,0.0,0,500,-1e-10
movement_cost_high,,16,9117d1ef63eab520,phase-two-vm-0.7,phase-two-measurement-0.1,phase-two-spatial-0.7,True,reflective,,12,0,0.793258,,0.0,0.0,0,0.0,True,True,20656.285714,269.0,-1e-10,,0,0,0.0,0.0,,,,2000,0,12,24,24,0,1,0,0,1512,0,0,0,0,0.0,0,500,-1e-10
movement_cost_high,,17,fc6797fa36895e13,phase-two-vm-0.7,phase-two-measurement-0.1,phase-two-spatial-0.7,True,reflective,,13,0,0.728461,,0.0,0.0,0,0.0,True,True,20563.428571,234.857143,-1e-10,,7,0,0.0,0.0,,,,2000,0,13,25,24,0,2,0,0,1548,1,0,0,0,0.0,0,500,-1e-10
movement_cost_high,,18,d7efeb323b02e378,phase-two-vm-0.7,phase-two-measurement-0.1,phase-two-spatial-0.7,True,reflective,,12,0,0.703667,,0.0,0.0,0,0.0,True,True,20729.0,270.0,-1e-10,,0,0,0.0,0.0,,,,2000,0,12,24,24,0,1,0,0,1512,0,0,0,0,0.0,0,500,-1e-10
movement_cost_high,,19,be5cba193f578e76,phase-two-vm-0.7,phase-two-measurement-0.1,phase-two-spatial-0.7,True,reflective,,14,0,0.679598,,0.0,0.0,0,0.0,True,True,20560.714286,236.142857,-1e-10,,0,0,0.0,0.0,,,,2000,0,14,26,25,0,2,0,0,1596,1,0,0,0,0.0,0,500,-1e-10
movement_cost_high,,20,f67c5374a35b80a8,phase-two-vm-0.7,phase-two-measurement-0.1,phase-two-spatial-0.7,True,reflective,,14,0,0.654985,,0.0,0.0,0,0.0,True,True,20593.285714,236.142857,-1e-10,,0,0,0.0,0.0,,,,2000,0,14,26,24,0,3,0,0,1577,2,0,0,0,0.0,0,500,-1e-10
movement_cost_high,,21,53b9180d84996343,phase-two-vm-0.7,phase-two-measurement-0.1,phase-two-spatial-0.7,True,reflective,,12,1,0.50358,,0.0,0.0,0,0.0,True,True,20693.0,269.285714,-1e-10,,0,0,0.0,0.0,,,,2000,0,12,24,24,0,1,0,0,1512,0,0,0,0,0.0,0,500,-1e-10
movement_cost_high,,22,59348b147d443961,phase-two-vm-0.7,phase-two-measurement-0.1,phase-two-spatial-0.7,True,reflective,,14,0,0.491042,,0.0,0.0,0,0.0,True,True,20663.714286,247.857143,-1e-10,,0,0,0.0,0.0,,,,2000,0,14,26,25,0,3,0,0,1535,1,0,0,0,0.0,0,500,-1e-10
movement_cost_high,,23,c8144258aaf97605,phase-two-vm-0.7,phase-two-measurement-0.1,phase-two-spatial-0.7,True,reflective,,12,0,0.644036,,0.0,0.0,0,0.0,True,True,20622.428571,236.0,-1e-10,,0,0,0.0,0.0,,,,2000,0,12,24,24,0,3,0,0,1511,1,0,0,0,0.0,0,500,-1e-10
movement_cost_high,,24,173b2e6a90d2f8b9,phase-two-vm-0.7,phase-two-measurement-0.1,phase-two-spatial-0.7,True,reflective,,13,1,0.608855,,0.0,0.0,0,0.0,True,True,20700.571429,247.857143,-1e-10,,0,1,1.0,0.5,,,,2000,0,13,25,24,0,2,0,0,1554,1,0,0,0,0.0,0,500,-1e-10
movement_cost_high,,25,4a40544330808f1c,phase-two-vm-0.7,phase-two-measurement-0.1,phase-two-spatial-0.7,True,reflective,,12,0,0.693048,,0.0,0.0,0,0.0,True,True,20697.285714,270.0,-1e-10,,0,0,0.0,0.0,,,,2000,0,12,24,24,0,1,0,0,1512,0,0,0,0,0.0,0,500,-1e-10
movement_cost_high,,26,ee57418457194804,phase-two-vm-0.7,phase-two-measurement-0.1,phase-two-spatial-0.7,True,reflective,,12,0,0.642483,,0.0,0.0,0,0.0,True,True,20636.571429,247.857143,-1e-10,,0,1,0.0,0.0,,,,2000,0,12,24,24,0,3,0,0,1662,0,0,0,0,0.0,0,500,-1e-10
movement_cost_high,,27,9defd4b7c74cfa8d,phase-two-vm-0.7,phase-two-measurement-0.1,phase-two-spatial-0.7,True,reflective,,12,0,0.65284,,0.0,0.0,0,0.0,True,True,20617.0,233.142857,-1e-10,,0,0,0.0,0.0,,,,2000,0,12,24,24,0,2,0,0,1496,1,0,0,0,0.0,0,500,-1e-10
movement_cost_high,,28,7523f62a8e93b9fb,phase-two-vm-0.7,phase-two-measurement-0.1,phase-two-spatial-0.7,True,reflective,,12,0,0.693698,,0.0,0.0,0,0.0,True,True,20633.285714,247.857143,-1e-10,,0,0,0.0,0.0,,,,2000,0,12,24,24,0,2,0,0,1509,1,0,0,0,0.0,0,500,-1e-10
movement_cost_high,,29,a3c88efd3a38f2a4,phase-two-vm-0.7,phase-two-measurement-0.1,phase-two-spatial-0.7,True,reflective,,14,0,0.791377,,0.0,0.0,0,0.0,True,True,20689.571429,256.142857,-1e-10,,0,0,0.0,0.0,,,,2000,0,14,26,24,0,3,0,0,1540,2,0,0,0,0.0,0,500,-1e-10
movement_cost_high,,30,00bf2fbee93d1a3c,phase-two-vm-0.7,phase-two-measurement-0.1,phase-two-spatial-0.7,True,reflective,,12,0,0.736696,,0.0,0.0,0,0.0,True,True,20584.285714,234.857143,-2e-10,,1,1,0.0,0.0,,,,2000,0,12,24,24,0,5,0,0,1656,2,0,0,0,0.0,0,500,-1e-10
